{"type":"FeatureCollection","features":[{"type":"Feature","properties":{"code":"97127","nom":"Saint-Martin"},"geometry":{"type":"MultiPolygon","coordinates":[[[[-63.10162,18.050283],[-63.101671,18.050008],[-63.101536,18.049887],[-63.1014,18.049699],[-63.101411,18.049661],[-63.101451,18.049516],[-63.101596,18.049381],[-63.101714,18.049389],[-63.1018,18.049437],[-63.101945,18.049519],[-63.102437,18.049596],[-63.102805,18.049648],[-63.103419,18.049791],[-63.103992,18.050012],[-63.104074,18.050069],[-63.104308,18.050115],[-63.104391,18.050306],[-63.104399,18.050449],[-63.104246,18.050689],[-63.104106,18.050857],[-63.103957,18.051026],[-63.103842,18.051212],[-63.103738,18.051319],[-63.103424,18.051396],[-63.103043,18.051426],[-63.102751,18.051405],[-63.102386,18.051331],[-63.1021,18.051199],[-63.101852,18.051023],[-63.101704,18.050816],[-63.101574,18.050538],[-63.10162,18.050283]]],[[[-63.01159,18.067855],[-63.011677,18.067842],[-63.011795,18.067872],[-63.011899,18.067914],[-63.011963,18.067865],[-63.012049,18.067825],[-63.012165,18.067786],[-63.012221,18.067739],[-63.012312,18.067703],[-63.012346,18.067658],[-63.012408,18.067672],[-63.012485,18.067649],[-63.01255,18.06763],[-63.012581,18.067599],[-63.012585,18.06754],[-63.012604,18.067497],[-63.012641,18.067468],[-63.0127,18.067464],[-63.012765,18.067481],[-63.012784,18.067518],[-63.012719,18.067597],[-63.012587,18.067697],[-63.01247,18.067748],[-63.012309,18.0678],[-63.012202,18.067838],[-63.01213,18.067894],[-63.01199,18.067956],[-63.011858,18.068077],[-63.011765,18.068207],[-63.011635,18.068491],[-63.011572,18.068709],[-63.011559,18.068903],[-63.011567,18.068975],[-63.011595,18.069045],[-63.01152,18.069089],[-63.011485,18.069132],[-63.011496,18.069197],[-63.011377,18.069349],[-63.011275,18.069427],[-63.011232,18.069421],[-63.011191,18.06939],[-63.011143,18.069406],[-63.011072,18.069423],[-63.01099,18.069452],[-63.010971,18.069404],[-63.010906,18.069397],[-63.010789,18.069318],[-63.010729,18.069306],[-63.010604,18.069226],[-63.010493,18.069132],[-63.010417,18.069107],[-63.010269,18.069128],[-63.010172,18.069114],[-63.010095,18.06917],[-63.010024,18.069147],[-63.009989,18.069048],[-63.010015,18.068987],[-63.010102,18.068979],[-63.010081,18.068818],[-63.010097,18.068751],[-63.010082,18.068706],[-63.010026,18.068643],[-63.009905,18.068631],[-63.009742,18.068607],[-63.009566,18.068543],[-63.009464,18.068485],[-63.009384,18.068481],[-63.009317,18.068451],[-63.00907,18.068461],[-63.008827,18.068534],[-63.008682,18.068642],[-63.008501,18.068811],[-63.008422,18.068836],[-63.008348,18.068834],[-63.008253,18.068872],[-63.008153,18.068879],[-63.008138,18.068912],[-63.008044,18.068895],[-63.007944,18.068838],[-63.00777,18.068796],[-63.007668,18.068738],[-63.007592,18.068729],[-63.007553,18.068761],[-63.007522,18.06876],[-63.007485,18.068796],[-63.007427,18.068785],[-63.00738,18.068795],[-63.007331,18.068795],[-63.007264,18.068816],[-63.007038,18.068835],[-63.006982,18.068795],[-63.006976,18.068751],[-63.006933,18.068726],[-63.00694,18.068714],[-63.006967,18.068702],[-63.006978,18.068678],[-63.007066,18.068667],[-63.007149,18.068653],[-63.007248,18.068625],[-63.007273,18.068585],[-63.007279,18.068508],[-63.007312,18.068472],[-63.007415,18.068425],[-63.00749,18.068354],[-63.007543,18.068344],[-63.007598,18.068347],[-63.0077,18.068393],[-63.00783,18.068365],[-63.007883,18.06831],[-63.008005,18.068282],[-63.008152,18.068351],[-63.008236,18.068332],[-63.008353,18.068386],[-63.008479,18.068316],[-63.008632,18.068342],[-63.008703,18.068327],[-63.008807,18.068365],[-63.00896,18.068382],[-63.009164,18.068339],[-63.009248,18.068307],[-63.009426,18.068289],[-63.009598,18.068371],[-63.009823,18.068402],[-63.00992,18.068345],[-63.00995,18.068257],[-63.009943,18.068214],[-63.009965,18.068188],[-63.010028,18.068168],[-63.010094,18.068135],[-63.010322,18.068059],[-63.010645,18.067961],[-63.011128,18.067881],[-63.011362,18.067828],[-63.01159,18.067855]]],[[[-63.011962,18.08746],[-63.011903,18.087548],[-63.011933,18.087663],[-63.011978,18.087773],[-63.011991,18.087864],[-63.011981,18.087968],[-63.011985,18.088047],[-63.011972,18.08812],[-63.01199,18.088216],[-63.012023,18.088282],[-63.012024,18.088381],[-63.012019,18.088445],[-63.011992,18.08856],[-63.011953,18.088613],[-63.011923,18.088616],[-63.011939,18.088655],[-63.011919,18.088701],[-63.011893,18.088729],[-63.011853,18.08874],[-63.011837,18.08882],[-63.011795,18.088858],[-63.011758,18.088935],[-63.011703,18.089098],[-63.011615,18.089169],[-63.011531,18.089294],[-63.0115,18.089398],[-63.011454,18.089432],[-63.011424,18.089502],[-63.011359,18.089662],[-63.011294,18.089732],[-63.011238,18.089838],[-63.011203,18.08986],[-63.011181,18.089946],[-63.01111,18.089991],[-63.011055,18.090089],[-63.010997,18.090228],[-63.010925,18.090295],[-63.010878,18.090372],[-63.010805,18.090454],[-63.01074,18.090515],[-63.010673,18.090541],[-63.010636,18.090602],[-63.010573,18.090685],[-63.010476,18.090735],[-63.010384,18.090809],[-63.010282,18.090869],[-63.010237,18.09089],[-63.01021,18.090934],[-63.010162,18.090965],[-63.010078,18.090988],[-63.009997,18.091033],[-63.009902,18.091077],[-63.009681,18.091144],[-63.009598,18.091176],[-63.009536,18.091182],[-63.009505,18.091219],[-63.009544,18.091242],[-63.00952,18.091286],[-63.009433,18.091286],[-63.0094,18.091217],[-63.009422,18.09115],[-63.009443,18.091089],[-63.009475,18.091052],[-63.009463,18.090979],[-63.009413,18.090877],[-63.009428,18.090807],[-63.009409,18.090649],[-63.00945,18.090584],[-63.009548,18.090471],[-63.009596,18.090334],[-63.009704,18.090218],[-63.009862,18.090087],[-63.009947,18.089963],[-63.010064,18.089878],[-63.010131,18.08977],[-63.010146,18.089698],[-63.010164,18.089576],[-63.010174,18.089491],[-63.01022,18.089411],[-63.010241,18.089327],[-63.010265,18.089266],[-63.010312,18.089181],[-63.010338,18.089104],[-63.010381,18.089084],[-63.010399,18.089026],[-63.010454,18.089005],[-63.010493,18.088796],[-63.010499,18.088646],[-63.010553,18.088479],[-63.010575,18.088413],[-63.010597,18.088388],[-63.01063,18.088197],[-63.010684,18.088015],[-63.010684,18.087887],[-63.010702,18.087717],[-63.010704,18.087518],[-63.010713,18.087397],[-63.0107,18.087328],[-63.010643,18.087284],[-63.010609,18.087236],[-63.010603,18.087161],[-63.010652,18.087109],[-63.01066,18.087022],[-63.010704,18.086941],[-63.010959,18.086918],[-63.011112,18.087059],[-63.011318,18.087196],[-63.011689,18.087361],[-63.011745,18.087422],[-63.011839,18.087391],[-63.011967,18.087344],[-63.012221,18.08715],[-63.012289,18.087084],[-63.012374,18.087058],[-63.012455,18.087053],[-63.012514,18.087047],[-63.012547,18.087076],[-63.012547,18.087112],[-63.012475,18.08714],[-63.01237,18.087203],[-63.012149,18.08735],[-63.011962,18.08746]]],[[[-63.045403,18.120392],[-63.045183,18.120445],[-63.044903,18.120193],[-63.04488,18.119849],[-63.045018,18.119794],[-63.045015,18.119614],[-63.045069,18.119534],[-63.045125,18.119299],[-63.045171,18.119164],[-63.045234,18.119302],[-63.045303,18.119883],[-63.045295,18.120036],[-63.045433,18.120281],[-63.045403,18.120392]]],[[[-63.010664,18.066273],[-63.010602,18.066308],[-63.010541,18.066318],[-63.010496,18.06627],[-63.010459,18.066179],[-63.010448,18.066113],[-63.010451,18.066056],[-63.010484,18.065987],[-63.010496,18.065906],[-63.010515,18.065885],[-63.01058,18.065877],[-63.010711,18.065892],[-63.010772,18.065928],[-63.010813,18.065982],[-63.010832,18.066064],[-63.010816,18.066098],[-63.010776,18.066122],[-63.010764,18.066181],[-63.010664,18.066273]]],[[[-63.01907,18.104547],[-63.019,18.104658],[-63.018906,18.104685],[-63.018804,18.10467],[-63.01877,18.104563],[-63.018726,18.10434],[-63.018764,18.104112],[-63.018762,18.103866],[-63.018909,18.103673],[-63.019284,18.103209],[-63.019546,18.103089],[-63.019623,18.103116],[-63.0197,18.103191],[-63.019707,18.10328],[-63.019663,18.103322],[-63.019707,18.103404],[-63.019675,18.103509],[-63.019735,18.103629],[-63.019719,18.103711],[-63.019768,18.103786],[-63.019717,18.103997],[-63.019299,18.104465],[-63.01907,18.104547]]],[[[-63.01388,18.10756],[-63.013674,18.107474],[-63.013548,18.107447],[-63.013354,18.107605],[-63.013216,18.10775],[-63.013111,18.107889],[-63.012931,18.108083],[-63.0128,18.108144],[-63.012667,18.108175],[-63.012497,18.108144],[-63.012222,18.108031],[-63.012088,18.10815],[-63.011969,18.108144],[-63.011915,18.108182],[-63.011866,18.108117],[-63.011803,18.10817],[-63.011839,18.108013],[-63.011773,18.108004],[-63.01176,18.107917],[-63.011862,18.107682],[-63.011876,18.107565],[-63.011797,18.107476],[-63.01183,18.107301],[-63.011743,18.10712],[-63.011779,18.106864],[-63.011756,18.106529],[-63.011902,18.106211],[-63.012303,18.105974],[-63.013368,18.105724],[-63.013678,18.105623],[-63.013985,18.105391],[-63.014164,18.105111],[-63.014207,18.104769],[-63.014199,18.104678],[-63.014115,18.10462],[-63.014074,18.104449],[-63.014088,18.104291],[-63.014165,18.104158],[-63.014714,18.103847],[-63.015188,18.103754],[-63.015665,18.103476],[-63.015857,18.103622],[-63.015808,18.103827],[-63.015641,18.103973],[-63.01554,18.104252],[-63.01543,18.104409],[-63.015402,18.104607],[-63.015488,18.104818],[-63.015568,18.105014],[-63.015845,18.105211],[-63.016042,18.10541],[-63.016294,18.105568],[-63.016622,18.105726],[-63.016909,18.105677],[-63.016989,18.105772],[-63.016847,18.106006],[-63.016622,18.106202],[-63.016466,18.106397],[-63.016431,18.10644],[-63.016634,18.106823],[-63.016653,18.106969],[-63.016724,18.107072],[-63.016777,18.107452],[-63.016609,18.107741],[-63.016342,18.108034],[-63.016296,18.108204],[-63.01613,18.108274],[-63.016059,18.108214],[-63.015857,18.108185],[-63.01573,18.108047],[-63.015737,18.107936],[-63.015498,18.107803],[-63.015114,18.107797],[-63.014586,18.107644],[-63.014137,18.10763],[-63.01388,18.10756]]],[[[-62.971192,18.125111],[-62.971096,18.125089],[-62.97105,18.125054],[-62.971026,18.125073],[-62.970972,18.125164],[-62.970813,18.125183],[-62.970758,18.125194],[-62.97071,18.125203],[-62.970589,18.125201],[-62.970518,18.12518],[-62.97042,18.125188],[-62.970338,18.125151],[-62.970355,18.125104],[-62.97038,18.12507],[-62.970524,18.125141],[-62.970584,18.125083],[-62.970687,18.12508],[-62.970722,18.12502],[-62.970799,18.125022],[-62.970872,18.124955],[-62.970923,18.124954],[-62.970967,18.124914],[-62.971058,18.124926],[-62.97112,18.124929],[-62.971178,18.124898],[-62.971223,18.124878],[-62.971162,18.124828],[-62.971126,18.124758],[-62.971181,18.124773],[-62.971285,18.124841],[-62.971401,18.124836],[-62.971364,18.124768],[-62.971385,18.124748],[-62.9715,18.124817],[-62.971555,18.124773],[-62.971647,18.124701],[-62.971761,18.124733],[-62.97183,18.124776],[-62.971868,18.124767],[-62.97186,18.124751],[-62.971818,18.124689],[-62.971817,18.124646],[-62.971868,18.124645],[-62.971886,18.1246],[-62.971859,18.124536],[-62.971833,18.124502],[-62.971908,18.124521],[-62.971927,18.124487],[-62.971905,18.124427],[-62.971859,18.124403],[-62.971761,18.12438],[-62.971661,18.124348],[-62.971726,18.124216],[-62.971882,18.124109],[-62.972019,18.124114],[-62.97208,18.124182],[-62.972242,18.124171],[-62.972312,18.124133],[-62.97239,18.124128],[-62.972461,18.124054],[-62.972513,18.124049],[-62.972618,18.123971],[-62.972671,18.123991],[-62.972774,18.123909],[-62.972864,18.123909],[-62.972891,18.123821],[-62.973011,18.123803],[-62.97305,18.123774],[-62.973082,18.123727],[-62.973118,18.123567],[-62.973197,18.123473],[-62.973254,18.123458],[-62.973258,18.123416],[-62.973283,18.123396],[-62.973399,18.12343],[-62.973484,18.123438],[-62.973497,18.123374],[-62.973583,18.12338],[-62.973621,18.123315],[-62.973643,18.123271],[-62.973672,18.123226],[-62.973639,18.123172],[-62.973575,18.123126],[-62.973535,18.123067],[-62.973466,18.123028],[-62.973421,18.123008],[-62.973431,18.122967],[-62.973511,18.122956],[-62.973558,18.122954],[-62.973575,18.122896],[-62.9736,18.12286],[-62.973605,18.122796],[-62.973671,18.122779],[-62.973753,18.122849],[-62.973795,18.122824],[-62.973823,18.122835],[-62.973875,18.122806],[-62.973906,18.122783],[-62.973907,18.12274],[-62.973873,18.122683],[-62.973836,18.122698],[-62.973811,18.122694],[-62.973826,18.122593],[-62.973864,18.122591],[-62.973894,18.122639],[-62.973936,18.122687],[-62.974009,18.122687],[-62.974111,18.12271],[-62.974202,18.122641],[-62.974246,18.122553],[-62.974288,18.122484],[-62.974254,18.122431],[-62.974244,18.122313],[-62.974143,18.122321],[-62.974071,18.122243],[-62.974091,18.122163],[-62.974114,18.122158],[-62.974161,18.122184],[-62.974217,18.122139],[-62.974259,18.122015],[-62.974134,18.121967],[-62.974014,18.121961],[-62.973909,18.121912],[-62.973642,18.121924],[-62.973543,18.121765],[-62.973447,18.121773],[-62.9733,18.121604],[-62.973016,18.121609],[-62.972966,18.121569],[-62.972878,18.121576],[-62.972756,18.121521],[-62.972714,18.12145],[-62.972689,18.12139],[-62.972526,18.121351],[-62.972427,18.121351],[-62.972338,18.121373],[-62.972179,18.121351],[-62.972184,18.121274],[-62.972221,18.1212],[-62.972246,18.121144],[-62.972293,18.121113],[-62.97255,18.121215],[-62.972573,18.121148],[-62.972535,18.121052],[-62.972423,18.120979],[-62.972334,18.121013],[-62.972308,18.120992],[-62.972256,18.121008],[-62.972061,18.12098],[-62.972036,18.120942],[-62.972014,18.120905],[-62.971995,18.120844],[-62.972137,18.120776],[-62.972214,18.120785],[-62.972262,18.120829],[-62.972306,18.120822],[-62.972384,18.120838],[-62.972358,18.120748],[-62.972324,18.120697],[-62.972374,18.120584],[-62.972454,18.120539],[-62.972453,18.120451],[-62.972198,18.12045],[-62.97215,18.120399],[-62.972112,18.120302],[-62.972011,18.120267],[-62.97191,18.120386],[-62.971751,18.120498],[-62.971473,18.12057],[-62.971348,18.120556],[-62.971238,18.120512],[-62.971116,18.120512],[-62.970891,18.120554],[-62.970843,18.12052],[-62.970874,18.120494],[-62.970979,18.120437],[-62.971062,18.12041],[-62.97112,18.120404],[-62.971176,18.12043],[-62.971245,18.120421],[-62.971388,18.120386],[-62.97143,18.120331],[-62.971396,18.120301],[-62.971354,18.120295],[-62.971183,18.120241],[-62.970969,18.12021],[-62.97091,18.120099],[-62.970925,18.120068],[-62.971022,18.119997],[-62.971144,18.119904],[-62.97138,18.119688],[-62.97155,18.119636],[-62.97185,18.119712],[-62.971923,18.119715],[-62.971991,18.119622],[-62.97198,18.119556],[-62.971988,18.119455],[-62.971967,18.119403],[-62.971915,18.119355],[-62.972023,18.119271],[-62.972088,18.119129],[-62.972341,18.119003],[-62.972603,18.119],[-62.972682,18.118918],[-62.97275,18.118829],[-62.972817,18.118754],[-62.972929,18.118607],[-62.973094,18.118583],[-62.973173,18.118444],[-62.973022,18.118388],[-62.973022,18.118362],[-62.973184,18.1181],[-62.973351,18.118035],[-62.973453,18.118033],[-62.97345,18.117959],[-62.973367,18.117784],[-62.973399,18.117671],[-62.973478,18.11761],[-62.973582,18.117579],[-62.973715,18.117521],[-62.973931,18.117527],[-62.973929,18.117416],[-62.973987,18.117363],[-62.973946,18.117247],[-62.973653,18.117314],[-62.973583,18.117271],[-62.973591,18.117178],[-62.973653,18.117128],[-62.97374,18.117078],[-62.973781,18.116968],[-62.973757,18.116882],[-62.973787,18.116731],[-62.973999,18.116781],[-62.974178,18.116866],[-62.974195,18.116959],[-62.97419,18.117041],[-62.97429,18.117141],[-62.974325,18.117155],[-62.974364,18.117125],[-62.974348,18.117061],[-62.97435,18.117004],[-62.974371,18.117003],[-62.974427,18.117112],[-62.974433,18.117066],[-62.974449,18.117053],[-62.974429,18.117012],[-62.974436,18.116972],[-62.974512,18.116963],[-62.974542,18.117056],[-62.974609,18.117047],[-62.974594,18.117139],[-62.97479,18.117331],[-62.974999,18.117354],[-62.975245,18.117316],[-62.975296,18.117297],[-62.975414,18.117175],[-62.975483,18.117192],[-62.975626,18.117318],[-62.975817,18.117325],[-62.975993,18.117286],[-62.976274,18.117192],[-62.976416,18.117247],[-62.976542,18.117254],[-62.97672,18.117222],[-62.97688,18.117159],[-62.977101,18.117049],[-62.977436,18.116979],[-62.977718,18.116845],[-62.978173,18.116652],[-62.978497,18.116517],[-62.978682,18.116438],[-62.979456,18.116258],[-62.980133,18.116189],[-62.980674,18.116155],[-62.980784,18.116132],[-62.98088,18.116092],[-62.981076,18.115992],[-62.981224,18.115931],[-62.981386,18.115879],[-62.981896,18.115772],[-62.982144,18.115734],[-62.982378,18.115675],[-62.982738,18.115594],[-62.982971,18.115604],[-62.983277,18.115708],[-62.983539,18.115731],[-62.983804,18.115736],[-62.983944,18.115802],[-62.984136,18.115786],[-62.984504,18.115685],[-62.984577,18.115599],[-62.984726,18.115598],[-62.984896,18.115507],[-62.985142,18.11538],[-62.985272,18.115233],[-62.985363,18.115082],[-62.985769,18.114845],[-62.98633,18.114474],[-62.986662,18.114284],[-62.986636,18.114163],[-62.986656,18.114095],[-62.986884,18.113808],[-62.986911,18.113664],[-62.986988,18.113641],[-62.987144,18.113507],[-62.987353,18.113372],[-62.987429,18.113421],[-62.987528,18.113428],[-62.987634,18.113349],[-62.987856,18.113338],[-62.988396,18.113099],[-62.989262,18.112611],[-62.989655,18.112486],[-62.989791,18.112568],[-62.989817,18.112636],[-62.989823,18.112672],[-62.989872,18.112705],[-62.989931,18.112658],[-62.989962,18.112684],[-62.989944,18.11276],[-62.989977,18.112831],[-62.989863,18.112882],[-62.989729,18.112897],[-62.989647,18.112853],[-62.989577,18.112847],[-62.989633,18.112937],[-62.989714,18.112976],[-62.989696,18.113003],[-62.989629,18.112992],[-62.98959,18.113021],[-62.98959,18.113083],[-62.989532,18.113113],[-62.989526,18.113176],[-62.989476,18.113237],[-62.989368,18.113231],[-62.989299,18.113329],[-62.989426,18.113399],[-62.989435,18.113475],[-62.989377,18.113559],[-62.989314,18.113622],[-62.989089,18.113803],[-62.98902,18.11399],[-62.988723,18.114233],[-62.98852,18.114366],[-62.988154,18.114834],[-62.988137,18.115026],[-62.988145,18.115253],[-62.988228,18.115536],[-62.988253,18.115787],[-62.988234,18.115974],[-62.988199,18.116123],[-62.988102,18.116365],[-62.987951,18.116769],[-62.987828,18.117142],[-62.987755,18.11754],[-62.987757,18.117776],[-62.987798,18.118009],[-62.987985,18.118156],[-62.988048,18.118189],[-62.988101,18.118241],[-62.988123,18.118257],[-62.988251,18.118341],[-62.988235,18.118409],[-62.988154,18.11865],[-62.988126,18.118914],[-62.988042,18.118943],[-62.987955,18.119099],[-62.987675,18.119487],[-62.987322,18.119594],[-62.987274,18.119601],[-62.987088,18.119628],[-62.986793,18.11967],[-62.985894,18.119887],[-62.98527,18.120015],[-62.984852,18.119952],[-62.984333,18.120182],[-62.984327,18.120333],[-62.984115,18.120435],[-62.983844,18.120513],[-62.983658,18.120444],[-62.983366,18.120467],[-62.982575,18.120678],[-62.981703,18.121134],[-62.981438,18.121276],[-62.981364,18.12146],[-62.981314,18.121666],[-62.981092,18.122068],[-62.980801,18.122518],[-62.98077,18.122815],[-62.980763,18.123126],[-62.980923,18.123283],[-62.980925,18.123388],[-62.980965,18.123444],[-62.981071,18.123499],[-62.981139,18.123594],[-62.981216,18.123669],[-62.981014,18.123756],[-62.980919,18.123877],[-62.980881,18.123939],[-62.980881,18.123998],[-62.981013,18.124268],[-62.981113,18.124548],[-62.980761,18.124474],[-62.980594,18.124537],[-62.980436,18.124664],[-62.980436,18.124865],[-62.980399,18.124915],[-62.98015,18.124973],[-62.979976,18.124907],[-62.979811,18.12477],[-62.979751,18.124446],[-62.979754,18.1242],[-62.979752,18.124129],[-62.97968,18.124077],[-62.979528,18.124069],[-62.979454,18.124102],[-62.979212,18.12421],[-62.978961,18.124272],[-62.978629,18.124194],[-62.978346,18.124236],[-62.978074,18.124384],[-62.977757,18.124687],[-62.977627,18.124786],[-62.977702,18.124896],[-62.97769,18.125011],[-62.977563,18.124981],[-62.977366,18.125048],[-62.977194,18.125071],[-62.977114,18.125014],[-62.977064,18.124937],[-62.976868,18.124761],[-62.976771,18.124842],[-62.976717,18.124995],[-62.976586,18.124978],[-62.976492,18.125059],[-62.976381,18.125122],[-62.976179,18.125061],[-62.97608,18.124949],[-62.976091,18.124765],[-62.975922,18.124805],[-62.975529,18.124857],[-62.975257,18.124887],[-62.975201,18.124748],[-62.974991,18.124378],[-62.974937,18.124432],[-62.97489,18.124452],[-62.974867,18.124455],[-62.974831,18.124498],[-62.974824,18.124532],[-62.97478,18.124542],[-62.974732,18.124537],[-62.97469,18.124549],[-62.974602,18.124624],[-62.974484,18.124679],[-62.974427,18.124718],[-62.974284,18.124752],[-62.97417,18.124779],[-62.974087,18.124787],[-62.973989,18.124786],[-62.973945,18.124802],[-62.973868,18.12488],[-62.973793,18.124943],[-62.97374,18.125],[-62.973666,18.125035],[-62.973627,18.125093],[-62.973603,18.125123],[-62.973501,18.125143],[-62.973477,18.125114],[-62.973478,18.12508],[-62.973418,18.125067],[-62.9734,18.125053],[-62.973382,18.12502],[-62.973335,18.124991],[-62.973255,18.124885],[-62.973215,18.124885],[-62.973194,18.124886],[-62.97316,18.124887],[-62.973104,18.124872],[-62.973035,18.124843],[-62.97304,18.124825],[-62.972841,18.124796],[-62.972681,18.124769],[-62.972485,18.124732],[-62.972333,18.124738],[-62.972136,18.124761],[-62.972083,18.124818],[-62.972021,18.124899],[-62.971912,18.124932],[-62.971885,18.124905],[-62.97189,18.124862],[-62.971874,18.124856],[-62.971857,18.124904],[-62.971823,18.12495],[-62.971765,18.124968],[-62.971603,18.124971],[-62.97158,18.125003],[-62.971543,18.125015],[-62.971514,18.125043],[-62.97149,18.125033],[-62.971476,18.125077],[-62.971452,18.125101],[-62.971405,18.125091],[-62.971317,18.125065],[-62.971249,18.125074],[-62.971192,18.125111]]],[[[-63.055392,18.117697],[-63.055415,18.117629],[-63.055421,18.117565],[-63.055418,18.117501],[-63.055409,18.117434],[-63.055423,18.117403],[-63.055478,18.117391],[-63.055526,18.11742],[-63.055584,18.117466],[-63.055633,18.11751],[-63.055694,18.117558],[-63.055711,18.117597],[-63.055717,18.11761],[-63.05572,18.117662],[-63.055736,18.117712],[-63.055739,18.117767],[-63.05578,18.117807],[-63.055839,18.117825],[-63.055911,18.117825],[-63.055984,18.117808],[-63.056066,18.1178],[-63.056129,18.117812],[-63.056201,18.117843],[-63.056303,18.117839],[-63.05637,18.117842],[-63.056422,18.11786],[-63.056495,18.117844],[-63.056575,18.11785],[-63.056633,18.117822],[-63.056669,18.117811],[-63.056713,18.117794],[-63.056733,18.117794],[-63.056741,18.117794],[-63.056767,18.117805],[-63.056794,18.117802],[-63.056819,18.117812],[-63.056838,18.117836],[-63.056852,18.117871],[-63.056881,18.117919],[-63.056914,18.117936],[-63.056956,18.117969],[-63.056975,18.117997],[-63.057009,18.117994],[-63.057026,18.118028],[-63.057033,18.118039],[-63.057039,18.118065],[-63.057037,18.118091],[-63.057043,18.118119],[-63.057035,18.118146],[-63.057019,18.118165],[-63.057024,18.118193],[-63.057025,18.118216],[-63.057014,18.118241],[-63.05698,18.118246],[-63.056939,18.118243],[-63.056915,18.118231],[-63.056895,18.118231],[-63.056872,18.118249],[-63.056838,18.118262],[-63.056799,18.118263],[-63.056757,18.118249],[-63.056718,18.118251],[-63.056699,18.118273],[-63.056673,18.118285],[-63.056628,18.118279],[-63.056588,18.118277],[-63.056572,18.11827],[-63.05655,18.118284],[-63.056525,18.118274],[-63.056495,18.118268],[-63.056452,18.118253],[-63.056399,18.118219],[-63.056358,18.118216],[-63.056368,18.118238],[-63.05635,18.118262],[-63.056309,18.118257],[-63.056231,18.118238],[-63.056178,18.118272],[-63.056129,18.118278],[-63.056078,18.118301],[-63.056039,18.118273],[-63.055989,18.118241],[-63.055958,18.118204],[-63.055924,18.1182],[-63.055883,18.118184],[-63.055866,18.118162],[-63.055864,18.118157],[-63.055857,18.118137],[-63.055809,18.118132],[-63.055746,18.118147],[-63.05571,18.118195],[-63.055713,18.118277],[-63.055678,18.118282],[-63.055628,18.118278],[-63.055606,18.11826],[-63.055575,18.118253],[-63.055535,18.118234],[-63.055493,18.118218],[-63.055508,18.118234],[-63.055523,18.118243],[-63.055545,18.11825],[-63.055568,18.118286],[-63.055573,18.118302],[-63.055572,18.118328],[-63.055561,18.118338],[-63.055568,18.118353],[-63.055568,18.118368],[-63.055563,18.118382],[-63.055544,18.118383],[-63.055516,18.118373],[-63.055482,18.11837],[-63.055467,18.118362],[-63.055466,18.118361],[-63.055458,18.11835],[-63.055445,18.118342],[-63.055426,18.118338],[-63.055396,18.118321],[-63.055377,18.11832],[-63.055363,18.118305],[-63.055338,18.11829],[-63.055356,18.118312],[-63.055355,18.118322],[-63.055347,18.118325],[-63.055329,18.118326],[-63.055321,18.118331],[-63.055315,18.118332],[-63.055306,18.118327],[-63.055296,18.118324],[-63.055292,18.118324],[-63.055291,18.118328],[-63.055305,18.118333],[-63.055322,18.118342],[-63.055338,18.118349],[-63.05534,18.118355],[-63.055337,18.118361],[-63.05533,18.118364],[-63.055322,18.118364],[-63.055312,18.11836],[-63.055301,18.118353],[-63.055287,18.118343],[-63.05528,18.118341],[-63.055277,18.118344],[-63.055278,18.118347],[-63.055285,18.118352],[-63.055291,18.118359],[-63.055291,18.118364],[-63.055286,18.118365],[-63.055284,18.118371],[-63.055292,18.118381],[-63.055288,18.118395],[-63.055278,18.118401],[-63.055258,18.118399],[-63.055235,18.118384],[-63.055231,18.118369],[-63.055221,18.118362],[-63.055214,18.118362],[-63.055206,18.118366],[-63.055181,18.118362],[-63.055173,18.118349],[-63.055153,18.118344],[-63.055151,18.118364],[-63.055131,18.118378],[-63.05511,18.118388],[-63.055088,18.118387],[-63.055069,18.118374],[-63.055044,18.118351],[-63.05504,18.118332],[-63.055051,18.118322],[-63.055035,18.118303],[-63.055031,18.118287],[-63.055012,18.118271],[-63.055,18.118262],[-63.05498,18.118236],[-63.05498,18.118202],[-63.054975,18.118183],[-63.054977,18.118167],[-63.054968,18.118155],[-63.054971,18.118146],[-63.054982,18.118137],[-63.054996,18.118133],[-63.05501,18.118137],[-63.055024,18.118148],[-63.055026,18.118165],[-63.055047,18.118166],[-63.055068,18.118148],[-63.055087,18.118153],[-63.055103,18.118141],[-63.055116,18.118125],[-63.055158,18.118133],[-63.055182,18.118105],[-63.055178,18.118083],[-63.055191,18.11806],[-63.055182,18.118037],[-63.055188,18.118005],[-63.0552,18.11797],[-63.055218,18.117938],[-63.055236,18.117886],[-63.055269,18.117844],[-63.055299,18.117818],[-63.055338,18.117817],[-63.055347,18.1178],[-63.055341,18.117784],[-63.055304,18.117779],[-63.055315,18.117729],[-63.055344,18.11772],[-63.055392,18.117697]]],[[[-63.093163,18.059653],[-63.093085,18.059576],[-63.093101,18.059487],[-63.093152,18.059396],[-63.093234,18.059276],[-63.093361,18.059102],[-63.093406,18.059029],[-63.093433,18.058924],[-63.093587,18.058726],[-63.093629,18.058672],[-63.093649,18.058687],[-63.093694,18.058645],[-63.09372,18.058599],[-63.093766,18.058499],[-63.093742,18.058388],[-63.093789,18.058333],[-63.09387,18.058252],[-63.093955,18.058303],[-63.094046,18.058284],[-63.094117,18.058216],[-63.094211,18.058214],[-63.094305,18.058314],[-63.094365,18.058326],[-63.094365,18.058252],[-63.094343,18.058209],[-63.094476,18.058064],[-63.094539,18.058198],[-63.094617,18.058237],[-63.094782,18.058374],[-63.094838,18.058397],[-63.09491,18.058465],[-63.094969,18.05841],[-63.094918,18.058315],[-63.094885,18.058284],[-63.094867,18.058244],[-63.094876,18.058206],[-63.094971,18.058114],[-63.095009,18.058106],[-63.095127,18.05824],[-63.095163,18.058262],[-63.095192,18.058237],[-63.095177,18.058222],[-63.095168,18.058207],[-63.095185,18.058189],[-63.09521,18.058217],[-63.09522,18.058205],[-63.095223,18.058181],[-63.095187,18.058147],[-63.095194,18.058133],[-63.095181,18.058121],[-63.095231,18.058059],[-63.095242,18.058044],[-63.095275,18.058059],[-63.095366,18.057963],[-63.095421,18.057996],[-63.095474,18.058035],[-63.095536,18.058002],[-63.095503,18.057946],[-63.09551,18.057911],[-63.09554,18.057879],[-63.09555,18.057868],[-63.095513,18.057782],[-63.095615,18.057693],[-63.095665,18.057755],[-63.095697,18.057735],[-63.095781,18.057668],[-63.095801,18.057695],[-63.095823,18.057724],[-63.095974,18.057596],[-63.095954,18.057551],[-63.095984,18.057517],[-63.09602,18.057539],[-63.09605,18.057517],[-63.096004,18.057451],[-63.096033,18.057426],[-63.096042,18.057418],[-63.096149,18.057347],[-63.096139,18.057335],[-63.09621,18.057281],[-63.096222,18.057295],[-63.096327,18.05722],[-63.09641,18.057351],[-63.096456,18.057315],[-63.09642,18.057255],[-63.096408,18.057223],[-63.09648,18.057181],[-63.096563,18.057199],[-63.096583,18.057189],[-63.096609,18.057209],[-63.096688,18.057173],[-63.096742,18.057105],[-63.096761,18.057011],[-63.096907,18.056935],[-63.096933,18.056981],[-63.09702,18.057008],[-63.097104,18.057005],[-63.09714,18.056982],[-63.097202,18.056984],[-63.097245,18.057007],[-63.09726,18.057028],[-63.097288,18.057037],[-63.097374,18.057024],[-63.097443,18.05698],[-63.09747,18.056938],[-63.09751,18.056919],[-63.097571,18.056857],[-63.097653,18.056837],[-63.097694,18.056809],[-63.097735,18.056795],[-63.097954,18.056764],[-63.09798,18.056776],[-63.097986,18.056847],[-63.09801,18.056819],[-63.098035,18.056778],[-63.098063,18.05673],[-63.098105,18.056698],[-63.098145,18.056679],[-63.098219,18.056671],[-63.098324,18.056694],[-63.098391,18.056697],[-63.098503,18.056708],[-63.098587,18.056715],[-63.098655,18.056719],[-63.098657,18.05661],[-63.09875,18.056615],[-63.098753,18.056692],[-63.098893,18.056689],[-63.098931,18.056753],[-63.098953,18.05681],[-63.099009,18.056876],[-63.099212,18.05686],[-63.099264,18.056807],[-63.099303,18.056791],[-63.099292,18.056772],[-63.099357,18.056745],[-63.099382,18.056803],[-63.099423,18.05678],[-63.099472,18.056648],[-63.099489,18.056632],[-63.099591,18.056614],[-63.099634,18.056617],[-63.099686,18.056632],[-63.099736,18.056685],[-63.099771,18.056669],[-63.099793,18.056644],[-63.099859,18.056606],[-63.099899,18.056609],[-63.099928,18.056583],[-63.09996,18.056566],[-63.100081,18.056565],[-63.100097,18.056578],[-63.100136,18.056688],[-63.10021,18.056759],[-63.100248,18.056769],[-63.100275,18.05674],[-63.100317,18.056727],[-63.100366,18.056746],[-63.100402,18.056789],[-63.100447,18.056817],[-63.100485,18.056831],[-63.100578,18.056791],[-63.10063,18.056751],[-63.10066,18.056633],[-63.100693,18.056599],[-63.100774,18.056605],[-63.101396,18.056795],[-63.10144,18.056798],[-63.101502,18.056801],[-63.101558,18.056827],[-63.101566,18.056835],[-63.101617,18.056883],[-63.101738,18.056993],[-63.101841,18.057054],[-63.101896,18.057117],[-63.10197,18.05716],[-63.102128,18.057191],[-63.102235,18.057291],[-63.102501,18.057413],[-63.10277,18.057427],[-63.102922,18.057406],[-63.10302,18.057417],[-63.103079,18.057402],[-63.10317,18.057382],[-63.103253,18.057378],[-63.103273,18.057394],[-63.10329,18.057424],[-63.103326,18.057437],[-63.103359,18.057419],[-63.103371,18.05739],[-63.10339,18.057366],[-63.103429,18.057349],[-63.103478,18.057374],[-63.103498,18.057417],[-63.103551,18.057483],[-63.103644,18.057527],[-63.103705,18.057594],[-63.10377,18.057677],[-63.103863,18.057728],[-63.103955,18.057749],[-63.104006,18.057735],[-63.104054,18.057688],[-63.104097,18.057629],[-63.104131,18.057611],[-63.104143,18.057586],[-63.104148,18.057547],[-63.104158,18.057518],[-63.104183,18.057495],[-63.104239,18.057471],[-63.104258,18.057442],[-63.104259,18.0574],[-63.104277,18.057361],[-63.104336,18.057333],[-63.10441,18.057333],[-63.104492,18.05735],[-63.104583,18.057394],[-63.104633,18.057454],[-63.104674,18.057528],[-63.104715,18.057541],[-63.104756,18.057538],[-63.104773,18.057524],[-63.104797,18.057501],[-63.104828,18.057503],[-63.104849,18.057522],[-63.10489,18.05758],[-63.104944,18.05768],[-63.105128,18.057719],[-63.105265,18.057755],[-63.105471,18.057886],[-63.105674,18.05797],[-63.105866,18.058014],[-63.106023,18.058085],[-63.106164,18.058048],[-63.106245,18.058052],[-63.106395,18.057948],[-63.106475,18.05792],[-63.106733,18.057818],[-63.106999,18.057666],[-63.107257,18.057449],[-63.10736,18.057278],[-63.107508,18.05711],[-63.107708,18.056908],[-63.10792,18.056759],[-63.108183,18.0566],[-63.108395,18.056517],[-63.108665,18.056449],[-63.108923,18.05641],[-63.109149,18.056396],[-63.109316,18.056434],[-63.109419,18.056494],[-63.109475,18.05657],[-63.109623,18.056695],[-63.109711,18.056821],[-63.109802,18.056941],[-63.109872,18.057036],[-63.109962,18.057096],[-63.109986,18.05714],[-63.110028,18.057194],[-63.110021,18.05723],[-63.109986,18.057282],[-63.109865,18.057291],[-63.109744,18.057224],[-63.109633,18.057189],[-63.109532,18.057204],[-63.109455,18.057243],[-63.109378,18.057337],[-63.109314,18.057451],[-63.109246,18.057549],[-63.109152,18.057599],[-63.109015,18.057735],[-63.108883,18.05783],[-63.108723,18.057967],[-63.10858,18.058058],[-63.108436,18.058154],[-63.108234,18.058303],[-63.108198,18.058364],[-63.108183,18.058465],[-63.108148,18.058568],[-63.108133,18.058628],[-63.108144,18.058686],[-63.108168,18.058744],[-63.108202,18.058789],[-63.108268,18.05881],[-63.108333,18.058894],[-63.108399,18.058915],[-63.108475,18.058999],[-63.108587,18.059081],[-63.10875,18.05916],[-63.108798,18.059214],[-63.108894,18.059267],[-63.108961,18.059287],[-63.10904,18.059301],[-63.109075,18.059289],[-63.109113,18.059296],[-63.109206,18.059336],[-63.109333,18.059386],[-63.10944,18.059435],[-63.109543,18.059456],[-63.109698,18.059484],[-63.109764,18.059495],[-63.109822,18.059491],[-63.109857,18.059462],[-63.109895,18.059446],[-63.109947,18.059438],[-63.109989,18.059413],[-63.110053,18.059413],[-63.110088,18.059439],[-63.110162,18.059471],[-63.110234,18.059522],[-63.110335,18.059573],[-63.110494,18.059644],[-63.110658,18.059696],[-63.110805,18.059731],[-63.110959,18.059753],[-63.111041,18.059775],[-63.111087,18.05981],[-63.111204,18.05985],[-63.111313,18.059874],[-63.111332,18.0599],[-63.111344,18.059884],[-63.111454,18.059947],[-63.111425,18.06],[-63.111463,18.060031],[-63.111508,18.060056],[-63.111571,18.060069],[-63.111608,18.060059],[-63.111618,18.060064],[-63.111638,18.060072],[-63.111632,18.060112],[-63.111645,18.060149],[-63.111684,18.060195],[-63.111742,18.060239],[-63.111816,18.060272],[-63.11193,18.060291],[-63.111975,18.060305],[-63.112052,18.060339],[-63.112142,18.060359],[-63.112247,18.060371],[-63.112362,18.060397],[-63.112507,18.060437],[-63.112649,18.060479],[-63.112671,18.060489],[-63.112757,18.060526],[-63.112779,18.060534],[-63.112813,18.060541],[-63.112887,18.060535],[-63.112923,18.060538],[-63.112967,18.060559],[-63.113031,18.060655],[-63.113084,18.060688],[-63.113128,18.060765],[-63.113189,18.060828],[-63.113302,18.060905],[-63.113367,18.060965],[-63.11339,18.061011],[-63.113399,18.061032],[-63.113406,18.061062],[-63.113396,18.061118],[-63.113421,18.061184],[-63.113489,18.061241],[-63.113557,18.061273],[-63.113569,18.061294],[-63.113565,18.061332],[-63.113692,18.061428],[-63.113848,18.061527],[-63.11394,18.061536],[-63.113984,18.061525],[-63.114009,18.061513],[-63.114035,18.061503],[-63.114053,18.061511],[-63.114072,18.06152],[-63.114053,18.06155],[-63.114062,18.06158],[-63.114244,18.061767],[-63.114327,18.061845],[-63.114423,18.06191],[-63.11453,18.061944],[-63.114631,18.061961],[-63.114735,18.061951],[-63.11475,18.061946],[-63.114786,18.061935],[-63.114818,18.061931],[-63.114882,18.061973],[-63.114896,18.062001],[-63.114896,18.06203],[-63.114872,18.062047],[-63.114865,18.062074],[-63.114874,18.062124],[-63.114909,18.062175],[-63.114972,18.062222],[-63.115003,18.062225],[-63.115029,18.06223],[-63.115035,18.062244],[-63.115048,18.062263],[-63.115054,18.06232],[-63.115042,18.062369],[-63.11512,18.062449],[-63.115197,18.062495],[-63.115258,18.062553],[-63.115379,18.062609],[-63.115542,18.062681],[-63.115628,18.062702],[-63.115702,18.062708],[-63.1158,18.062701],[-63.115879,18.062764],[-63.11591,18.062808],[-63.115893,18.06285],[-63.116049,18.06303],[-63.116327,18.063318],[-63.117588,18.064369],[-63.118278,18.065435],[-63.118918,18.066087],[-63.119358,18.066499],[-63.119466,18.066634],[-63.119588,18.066824],[-63.119737,18.066953],[-63.119803,18.067019],[-63.119904,18.067057],[-63.119948,18.067082],[-63.120109,18.067219],[-63.120201,18.067307],[-63.120314,18.067315],[-63.120423,18.067304],[-63.120653,18.067239],[-63.120845,18.067168],[-63.121013,18.067085],[-63.121154,18.066983],[-63.121355,18.066905],[-63.121459,18.066831],[-63.121598,18.066749],[-63.121724,18.066658],[-63.121938,18.066499],[-63.122077,18.066316],[-63.122292,18.066155],[-63.12269,18.065915],[-63.122695,18.065879],[-63.122678,18.065832],[-63.122676,18.065794],[-63.12268,18.065761],[-63.122699,18.065722],[-63.12295,18.065533],[-63.122991,18.065509],[-63.123014,18.065526],[-63.12302,18.06555],[-63.122837,18.06568],[-63.122846,18.065697],[-63.122804,18.065729],[-63.122797,18.065723],[-63.12277,18.065756],[-63.122765,18.065797],[-63.122787,18.065843],[-63.122845,18.065864],[-63.122958,18.065845],[-63.123102,18.065777],[-63.12312,18.065777],[-63.123165,18.065779],[-63.123262,18.065757],[-63.123367,18.065864],[-63.123447,18.065845],[-63.123525,18.065782],[-63.123566,18.065673],[-63.123482,18.065543],[-63.12348,18.065497],[-63.123491,18.065439],[-63.123594,18.065257],[-63.123617,18.065227],[-63.123669,18.065241],[-63.123668,18.065277],[-63.123543,18.065467],[-63.12358,18.065473],[-63.123642,18.065476],[-63.123829,18.065453],[-63.123933,18.06536],[-63.123998,18.065292],[-63.124137,18.065156],[-63.124201,18.065217],[-63.124212,18.065209],[-63.124226,18.065199],[-63.124131,18.065076],[-63.124144,18.06506],[-63.124192,18.065079],[-63.124269,18.065092],[-63.124349,18.065071],[-63.124343,18.065033],[-63.12447,18.064925],[-63.124518,18.064925],[-63.12462,18.064842],[-63.124632,18.064836],[-63.124607,18.064739],[-63.124647,18.064651],[-63.125091,18.064416],[-63.125642,18.064057],[-63.12647,18.063812],[-63.126761,18.063472],[-63.126739,18.063439],[-63.126746,18.063426],[-63.126819,18.063436],[-63.12686,18.06336],[-63.127068,18.062818],[-63.127209,18.062436],[-63.127207,18.062372],[-63.127218,18.062323],[-63.127304,18.062216],[-63.127432,18.062151],[-63.127548,18.061955],[-63.127586,18.061926],[-63.127684,18.061938],[-63.127767,18.061929],[-63.127889,18.061874],[-63.127918,18.061869],[-63.127954,18.061879],[-63.12795,18.061853],[-63.128071,18.061812],[-63.128117,18.061841],[-63.128103,18.061863],[-63.128216,18.061929],[-63.128193,18.061963],[-63.128313,18.062026],[-63.128332,18.061999],[-63.128394,18.062035],[-63.128379,18.062065],[-63.128526,18.062161],[-63.128569,18.062088],[-63.128764,18.062217],[-63.128788,18.062386],[-63.128872,18.062384],[-63.12886,18.062274],[-63.128865,18.062271],[-63.12901,18.062437],[-63.129116,18.062356],[-63.12901,18.062241],[-63.129053,18.062248],[-63.129102,18.062279],[-63.129144,18.062226],[-63.129137,18.062205],[-63.129153,18.062173],[-63.129166,18.062135],[-63.129173,18.062097],[-63.129161,18.062047],[-63.129135,18.06203],[-63.129016,18.061985],[-63.128616,18.061811],[-63.128589,18.061824],[-63.128565,18.061793],[-63.128535,18.061772],[-63.128518,18.06177],[-63.128211,18.061658],[-63.128183,18.061659],[-63.128156,18.061642],[-63.128135,18.061607],[-63.128135,18.061573],[-63.128164,18.061554],[-63.128194,18.06154],[-63.12828,18.061573],[-63.128429,18.061622],[-63.1285,18.061599],[-63.128534,18.061595],[-63.128567,18.061576],[-63.128633,18.061533],[-63.128629,18.061462],[-63.128628,18.061424],[-63.128609,18.06139],[-63.128598,18.061332],[-63.128579,18.061301],[-63.128501,18.061345],[-63.128479,18.061303],[-63.128322,18.061394],[-63.128303,18.061364],[-63.128258,18.061394],[-63.128246,18.061391],[-63.128179,18.061264],[-63.128295,18.061226],[-63.128396,18.061023],[-63.128427,18.060732],[-63.128251,18.060574],[-63.128196,18.060455],[-63.128268,18.06026],[-63.128894,18.05971],[-63.129629,18.059296],[-63.130146,18.059038],[-63.130342,18.059001],[-63.130442,18.059045],[-63.130704,18.058659],[-63.130734,18.058617],[-63.130785,18.058609],[-63.130809,18.058641],[-63.130792,18.058677],[-63.130587,18.058941],[-63.130543,18.059083],[-63.130777,18.059179],[-63.131061,18.05923],[-63.131435,18.059217],[-63.131807,18.059066],[-63.132045,18.059144],[-63.132391,18.05928],[-63.132496,18.059246],[-63.132603,18.059165],[-63.132653,18.059125],[-63.132605,18.059068],[-63.132556,18.058999],[-63.132712,18.058993],[-63.132915,18.058611],[-63.13292,18.058518],[-63.132882,18.058402],[-63.132905,18.058325],[-63.132975,18.058266],[-63.133091,18.058205],[-63.133165,18.057863],[-63.133153,18.057203],[-63.13294,18.055318],[-63.13308,18.054403],[-63.133595,18.054408],[-63.135018,18.054441],[-63.137397,18.05341],[-63.137914,18.053389],[-63.138583,18.05321],[-63.138765,18.053006],[-63.138829,18.052876],[-63.138909,18.052885],[-63.138973,18.052947],[-63.139053,18.052927],[-63.139097,18.052924],[-63.139277,18.052948],[-63.139423,18.052957],[-63.139486,18.05297],[-63.139586,18.053014],[-63.139711,18.053038],[-63.139745,18.053054],[-63.139787,18.053086],[-63.139868,18.053178],[-63.13996,18.053317],[-63.140042,18.053402],[-63.14006,18.05344],[-63.140084,18.053541],[-63.140093,18.053668],[-63.140081,18.053737],[-63.140057,18.053806],[-63.13981,18.054297],[-63.139773,18.054334],[-63.139617,18.054404],[-63.139526,18.054488],[-63.139499,18.054503],[-63.139587,18.054509],[-63.139393,18.054623],[-63.139292,18.054617],[-63.139192,18.054635],[-63.138998,18.054765],[-63.138877,18.054886],[-63.138835,18.054984],[-63.139197,18.055559],[-63.139669,18.056349],[-63.139708,18.056398],[-63.139743,18.056429],[-63.139907,18.056534],[-63.140067,18.056664],[-63.140255,18.056841],[-63.140658,18.05726],[-63.140787,18.057381],[-63.140923,18.057496],[-63.141062,18.057599],[-63.141206,18.057695],[-63.141863,18.058089],[-63.142288,18.058326],[-63.142599,18.058487],[-63.142721,18.05855],[-63.143159,18.058763],[-63.143603,18.058967],[-63.14501,18.05959],[-63.145605,18.059847],[-63.146205,18.060093],[-63.146507,18.060211],[-63.146927,18.060362],[-63.14813,18.060726],[-63.14887,18.060935],[-63.149203,18.06102],[-63.149539,18.061095],[-63.149876,18.061161],[-63.151572,18.061454],[-63.151909,18.061521],[-63.152245,18.061596],[-63.152418,18.061647],[-63.152585,18.061717],[-63.152741,18.061807],[-63.152881,18.061917],[-63.152943,18.061979],[-63.153046,18.062111],[-63.153084,18.062176],[-63.153114,18.062243],[-63.153132,18.062314],[-63.153136,18.062392],[-63.153128,18.06245],[-63.153113,18.062503],[-63.153061,18.062596],[-63.15299,18.062677],[-63.152824,18.062832],[-63.152773,18.062888],[-63.15268,18.063013],[-63.15257,18.063186],[-63.152498,18.06332],[-63.151853,18.064559],[-63.151493,18.064791],[-63.151384,18.064818],[-63.151163,18.06486],[-63.151055,18.064889],[-63.150985,18.064916],[-63.149414,18.06604],[-63.149035,18.066304],[-63.148915,18.066398],[-63.148782,18.066517],[-63.148637,18.066664],[-63.148228,18.067132],[-63.14765,18.067767],[-63.147576,18.067867],[-63.146854,18.069242],[-63.146828,18.069325],[-63.146825,18.069415],[-63.146845,18.069657],[-63.146849,18.069841],[-63.146858,18.069901],[-63.146879,18.069973],[-63.147181,18.070607],[-63.147221,18.070653],[-63.147249,18.070666],[-63.147274,18.070658],[-63.147319,18.070616],[-63.147346,18.070605],[-63.147486,18.070649],[-63.147551,18.070688],[-63.147599,18.070698],[-63.147688,18.070701],[-63.147716,18.070712],[-63.14776,18.070745],[-63.147854,18.070844],[-63.147923,18.070893],[-63.147954,18.070903],[-63.148082,18.070907],[-63.1481,18.070914],[-63.148182,18.070979],[-63.148294,18.071031],[-63.148344,18.071063],[-63.148379,18.071107],[-63.148388,18.071159],[-63.148368,18.071221],[-63.148364,18.071256],[-63.148378,18.071321],[-63.148377,18.071347],[-63.148364,18.071373],[-63.148341,18.071394],[-63.148271,18.071435],[-63.148257,18.071456],[-63.148253,18.071481],[-63.148257,18.071538],[-63.148274,18.071605],[-63.148192,18.071659],[-63.148155,18.071654],[-63.148114,18.071528],[-63.148034,18.071462],[-63.147934,18.071504],[-63.147885,18.071549],[-63.147857,18.071603],[-63.147884,18.071661],[-63.147934,18.071707],[-63.147914,18.071797],[-63.147862,18.071874],[-63.14779,18.071986],[-63.147777,18.072027],[-63.147794,18.072158],[-63.147775,18.072205],[-63.147732,18.072252],[-63.147677,18.072288],[-63.14752,18.072369],[-63.147508,18.072387],[-63.147493,18.072438],[-63.147481,18.072456],[-63.147427,18.072497],[-63.147168,18.072613],[-63.14711,18.072626],[-63.147116,18.07257],[-63.147152,18.072559],[-63.147102,18.072568],[-63.147054,18.072561],[-63.146958,18.072532],[-63.146895,18.072527],[-63.146871,18.072541],[-63.146829,18.072584],[-63.146802,18.072597],[-63.14677,18.072592],[-63.146749,18.072573],[-63.14672,18.072503],[-63.146697,18.072484],[-63.146663,18.072479],[-63.146515,18.072519],[-63.146473,18.072516],[-63.146373,18.072489],[-63.146331,18.072486],[-63.14628,18.072495],[-63.146216,18.072516],[-63.146085,18.072579],[-63.146009,18.072635],[-63.145996,18.072655],[-63.145979,18.07271],[-63.145965,18.072727],[-63.145898,18.072755],[-63.145642,18.072817],[-63.1455,18.072894],[-63.145324,18.072954],[-63.145283,18.072998],[-63.14521,18.073028],[-63.145147,18.073034],[-63.145108,18.073041],[-63.145069,18.073039],[-63.144964,18.073007],[-63.14492,18.072998],[-63.144881,18.073002],[-63.144756,18.073022],[-63.14472,18.073032],[-63.144694,18.073052],[-63.144684,18.073105],[-63.14458,18.073162],[-63.14449,18.073176],[-63.144452,18.073223],[-63.144412,18.073192],[-63.144381,18.073202],[-63.144346,18.073297],[-63.144298,18.073336],[-63.144224,18.073341],[-63.144225,18.073269],[-63.144176,18.073209],[-63.14413,18.0732],[-63.144079,18.073197],[-63.14403,18.073188],[-63.143784,18.0732],[-63.143742,18.073244],[-63.143759,18.073272],[-63.14376,18.073313],[-63.143744,18.073352],[-63.143677,18.073359],[-63.143588,18.073393],[-63.143509,18.073346],[-63.143449,18.073306],[-63.143411,18.073309],[-63.143363,18.073318],[-63.143352,18.073364],[-63.143223,18.073413],[-63.143147,18.073419],[-63.143043,18.073416],[-63.143002,18.073466],[-63.142942,18.073514],[-63.142863,18.073448],[-63.142816,18.073493],[-63.142751,18.073524],[-63.142671,18.073472],[-63.142588,18.073512],[-63.142581,18.073619],[-63.142512,18.073638],[-63.142455,18.073587],[-63.142375,18.073628],[-63.142322,18.07368],[-63.142204,18.073641],[-63.142172,18.073634],[-63.142052,18.073661],[-63.141934,18.073643],[-63.141818,18.073575],[-63.141761,18.073568],[-63.141703,18.073577],[-63.141577,18.073625],[-63.141575,18.073653],[-63.141556,18.073677],[-63.141445,18.073676],[-63.141307,18.073658],[-63.141094,18.073609],[-63.140963,18.073599],[-63.1407,18.073503],[-63.140534,18.073511],[-63.140319,18.07353],[-63.140215,18.073486],[-63.140112,18.073497],[-63.139953,18.073477],[-63.139893,18.073437],[-63.139826,18.073423],[-63.139655,18.073348],[-63.139616,18.073361],[-63.139564,18.073374],[-63.139452,18.073422],[-63.139353,18.073447],[-63.139285,18.073434],[-63.13921,18.073409],[-63.138965,18.073211],[-63.138664,18.073111],[-63.138569,18.073051],[-63.138511,18.07304],[-63.138235,18.073057],[-63.138166,18.073052],[-63.138104,18.073036],[-63.138064,18.073017],[-63.137996,18.072968],[-63.137843,18.072823],[-63.137366,18.072703],[-63.137199,18.072492],[-63.136766,18.072253],[-63.136472,18.072094],[-63.13613,18.071877],[-63.135476,18.071561],[-63.135222,18.071408],[-63.134911,18.071267],[-63.134893,18.071245],[-63.134867,18.071197],[-63.134848,18.071177],[-63.134769,18.07114],[-63.134632,18.071093],[-63.134352,18.070999],[-63.134151,18.070914],[-63.133538,18.070576],[-63.133353,18.070505],[-63.132717,18.070117],[-63.132277,18.069885],[-63.131803,18.069655],[-63.131256,18.069444],[-63.130198,18.069126],[-63.130057,18.068935],[-63.129706,18.068798],[-63.129676,18.068795],[-63.129642,18.068811],[-63.129596,18.068815],[-63.129548,18.068736],[-63.129391,18.068694],[-63.129319,18.068673],[-63.129234,18.068652],[-63.129201,18.06866],[-63.12916,18.068615],[-63.129115,18.068566],[-63.129062,18.068561],[-63.129033,18.06855],[-63.128992,18.068544],[-63.128976,18.068533],[-63.128945,18.068526],[-63.128894,18.068528],[-63.128868,18.068523],[-63.128835,18.068526],[-63.128805,18.068518],[-63.12875,18.068525],[-63.128717,18.068524],[-63.128707,18.068506],[-63.128715,18.068492],[-63.128704,18.068481],[-63.128689,18.068481],[-63.128661,18.068496],[-63.128623,18.068506],[-63.128596,18.068506],[-63.128505,18.068471],[-63.128465,18.06843],[-63.128429,18.068447],[-63.128394,18.068444],[-63.128353,18.068381],[-63.128306,18.068373],[-63.128259,18.068396],[-63.128167,18.068335],[-63.128098,18.068329],[-63.127967,18.068321],[-63.127711,18.068281],[-63.127688,18.0683],[-63.127638,18.06829],[-63.127589,18.068284],[-63.127515,18.068284],[-63.127471,18.068304],[-63.12744,18.068268],[-63.127371,18.068239],[-63.127327,18.06824],[-63.127158,18.068222],[-63.127148,18.068199],[-63.127071,18.068193],[-63.127021,18.068224],[-63.126975,18.068206],[-63.126899,18.068189],[-63.126848,18.068186],[-63.126812,18.068189],[-63.126796,18.068209],[-63.126765,18.068223],[-63.126681,18.068218],[-63.126492,18.068196],[-63.126394,18.068217],[-63.126215,18.068207],[-63.126115,18.06825],[-63.125985,18.068241],[-63.125832,18.068244],[-63.12572,18.06828],[-63.125629,18.068269],[-63.125552,18.06828],[-63.125485,18.068309],[-63.125469,18.068347],[-63.125428,18.06836],[-63.12538,18.06836],[-63.125328,18.068345],[-63.125282,18.06834],[-63.125235,18.06835],[-63.125183,18.068362],[-63.125147,18.068412],[-63.125115,18.06842],[-63.125091,18.06844],[-63.12507,18.068435],[-63.125047,18.068436],[-63.125027,18.068446],[-63.125015,18.068473],[-63.125014,18.068521],[-63.124994,18.068522],[-63.124974,18.068508],[-63.124964,18.068514],[-63.124962,18.068535],[-63.124918,18.068577],[-63.12488,18.068598],[-63.124847,18.068606],[-63.124804,18.068599],[-63.124758,18.06861],[-63.12471,18.068662],[-63.124634,18.068695],[-63.124594,18.06868],[-63.124561,18.068695],[-63.124538,18.06871],[-63.124487,18.068752],[-63.124385,18.06878],[-63.124309,18.068863],[-63.124222,18.068921],[-63.12415,18.068916],[-63.124022,18.06896],[-63.123885,18.069056],[-63.123764,18.069084],[-63.123651,18.069091],[-63.123561,18.069127],[-63.123532,18.0692],[-63.123454,18.069262],[-63.123391,18.069252],[-63.123317,18.069213],[-63.123286,18.069237],[-63.123322,18.069285],[-63.123336,18.069332],[-63.123319,18.069355],[-63.123283,18.069366],[-63.123228,18.069384],[-63.123159,18.069414],[-63.123114,18.069406],[-63.123064,18.069426],[-63.123063,18.069465],[-63.123067,18.069514],[-63.123022,18.069559],[-63.122944,18.069594],[-63.122912,18.069569],[-63.12289,18.06952],[-63.122856,18.069533],[-63.122818,18.069579],[-63.122837,18.069669],[-63.122749,18.069743],[-63.122679,18.069731],[-63.122526,18.069843],[-63.122464,18.069859],[-63.122425,18.069845],[-63.122403,18.069859],[-63.122424,18.069918],[-63.122406,18.069951],[-63.122326,18.069979],[-63.122255,18.07003],[-63.122219,18.070063],[-63.122195,18.070101],[-63.122216,18.070123],[-63.122253,18.070154],[-63.122256,18.070189],[-63.122243,18.070215],[-63.122251,18.070242],[-63.122249,18.070265],[-63.122223,18.070292],[-63.122189,18.070328],[-63.12219,18.070337],[-63.122198,18.07034],[-63.122211,18.070324],[-63.122228,18.07032],[-63.122244,18.070325],[-63.122276,18.070306],[-63.12229,18.070308],[-63.122296,18.070315],[-63.122286,18.070329],[-63.122266,18.070342],[-63.122225,18.070375],[-63.122198,18.070394],[-63.122191,18.070407],[-63.122171,18.07042],[-63.122155,18.070415],[-63.12215,18.070402],[-63.122145,18.070388],[-63.122129,18.0704],[-63.122118,18.070407],[-63.122115,18.070419],[-63.122103,18.070438],[-63.12207,18.070443],[-63.12202,18.070446],[-63.121947,18.070441],[-63.121915,18.070431],[-63.121885,18.070433],[-63.121877,18.070453],[-63.121854,18.070477],[-63.121827,18.070511],[-63.121785,18.07055],[-63.121749,18.070597],[-63.121723,18.070616],[-63.121642,18.070629],[-63.121597,18.070658],[-63.121533,18.07067],[-63.121509,18.070721],[-63.121511,18.070742],[-63.12151,18.070772],[-63.121481,18.070819],[-63.121471,18.070853],[-63.121445,18.07089],[-63.121406,18.070977],[-63.121376,18.071027],[-63.121326,18.07107],[-63.121289,18.071115],[-63.121262,18.071152],[-63.121229,18.071189],[-63.121205,18.071261],[-63.121215,18.071291],[-63.12118,18.071362],[-63.121207,18.071423],[-63.121263,18.071493],[-63.12131,18.071529],[-63.121389,18.071541],[-63.121409,18.071569],[-63.121404,18.071602],[-63.12139,18.071623],[-63.121349,18.071659],[-63.121306,18.071675],[-63.121262,18.071677],[-63.121217,18.071666],[-63.121093,18.071577],[-63.121028,18.071546],[-63.12099,18.071542],[-63.12095,18.071541],[-63.120898,18.071569],[-63.120826,18.071606],[-63.120765,18.071645],[-63.120685,18.071701],[-63.120587,18.071807],[-63.120503,18.071925],[-63.120443,18.072005],[-63.120419,18.07206],[-63.120386,18.072077],[-63.120334,18.072095],[-63.120312,18.072138],[-63.120312,18.072184],[-63.120287,18.072226],[-63.1203,18.072287],[-63.120362,18.072322],[-63.120379,18.072361],[-63.120389,18.072399],[-63.120374,18.072428],[-63.120296,18.072467],[-63.120273,18.072531],[-63.120197,18.072625],[-63.12013,18.072684],[-63.120034,18.072743],[-63.119976,18.072752],[-63.119913,18.072747],[-63.119788,18.072724],[-63.119497,18.072703],[-63.119364,18.072705],[-63.119233,18.072717],[-63.119105,18.072745],[-63.119046,18.072766],[-63.118971,18.072806],[-63.118938,18.072831],[-63.118854,18.072918],[-63.118832,18.072935],[-63.11881,18.072935],[-63.118784,18.072914],[-63.118666,18.072667],[-63.118641,18.072639],[-63.118602,18.072618],[-63.118549,18.072611],[-63.118363,18.072763],[-63.118289,18.072744],[-63.118165,18.072781],[-63.1181,18.072815],[-63.117988,18.07288],[-63.117874,18.072906],[-63.117839,18.072922],[-63.117666,18.07304],[-63.117312,18.073219],[-63.117129,18.073334],[-63.117021,18.073383],[-63.116799,18.073468],[-63.11666,18.073549],[-63.116562,18.073617],[-63.11628,18.073836],[-63.115583,18.074347],[-63.115424,18.074481],[-63.115282,18.074631],[-63.115221,18.074714],[-63.115145,18.074854],[-63.115113,18.074956],[-63.1151,18.075063],[-63.115103,18.075171],[-63.115153,18.075264],[-63.115116,18.075322],[-63.115166,18.075445],[-63.115172,18.075554],[-63.115172,18.075619],[-63.11513,18.075662],[-63.115162,18.075693],[-63.11521,18.075747],[-63.115162,18.075849],[-63.115178,18.075916],[-63.115169,18.075956],[-63.115141,18.076012],[-63.115105,18.076061],[-63.114992,18.076169],[-63.114957,18.076217],[-63.114944,18.076262],[-63.11495,18.076278],[-63.115023,18.076339],[-63.115029,18.076354],[-63.115028,18.076373],[-63.114999,18.076416],[-63.114959,18.076453],[-63.114912,18.076483],[-63.114832,18.076515],[-63.114762,18.076523],[-63.114735,18.076502],[-63.114713,18.076495],[-63.114687,18.076499],[-63.114634,18.076524],[-63.114611,18.076549],[-63.114601,18.076594],[-63.114608,18.076632],[-63.114628,18.076664],[-63.114757,18.07677],[-63.11478,18.0768],[-63.11479,18.076835],[-63.114784,18.076876],[-63.114758,18.076936],[-63.114705,18.077014],[-63.114673,18.077057],[-63.114597,18.077085],[-63.114579,18.07707],[-63.114461,18.077095],[-63.114335,18.077142],[-63.114295,18.077154],[-63.11425,18.077141],[-63.114202,18.077161],[-63.114161,18.07719],[-63.114126,18.077181],[-63.114092,18.077155],[-63.114106,18.077096],[-63.114052,18.077029],[-63.114084,18.076963],[-63.114078,18.076957],[-63.114046,18.076961],[-63.113891,18.077001],[-63.113821,18.077078],[-63.113724,18.077129],[-63.113666,18.077132],[-63.113537,18.077163],[-63.113458,18.077182],[-63.113329,18.077163],[-63.113211,18.077104],[-63.11311,18.077039],[-63.113036,18.07697],[-63.112972,18.076928],[-63.113032,18.0768],[-63.112947,18.076755],[-63.112947,18.076736],[-63.112964,18.076691],[-63.112976,18.07666],[-63.112995,18.076637],[-63.113021,18.076633],[-63.113043,18.076622],[-63.113051,18.076603],[-63.113051,18.076567],[-63.11303,18.076544],[-63.113002,18.076517],[-63.112984,18.076489],[-63.112987,18.076479],[-63.112978,18.07646],[-63.112995,18.076434],[-63.113033,18.076442],[-63.113052,18.076434],[-63.113061,18.076422],[-63.113056,18.076414],[-63.113036,18.076412],[-63.11301,18.076402],[-63.113013,18.07638],[-63.113039,18.076364],[-63.113102,18.076279],[-63.113098,18.076227],[-63.113101,18.07615],[-63.113088,18.076047],[-63.113133,18.076009],[-63.113184,18.07596],[-63.113209,18.075904],[-63.113213,18.07584],[-63.113234,18.075786],[-63.113245,18.075726],[-63.11332,18.075615],[-63.113333,18.075547],[-63.1134,18.075509],[-63.113467,18.075454],[-63.113505,18.075384],[-63.11352,18.075311],[-63.113548,18.075279],[-63.113605,18.075242],[-63.11363,18.075173],[-63.113739,18.075078],[-63.113765,18.075025],[-63.113821,18.074952],[-63.113898,18.074923],[-63.114055,18.074802],[-63.114208,18.07469],[-63.114282,18.074671],[-63.114356,18.074653],[-63.114445,18.074678],[-63.114479,18.074715],[-63.114549,18.074742],[-63.114535,18.074696],[-63.114514,18.07466],[-63.114512,18.074614],[-63.114516,18.074572],[-63.11453,18.074525],[-63.114553,18.074503],[-63.114596,18.074468],[-63.114653,18.07446],[-63.114701,18.074473],[-63.114766,18.074483],[-63.114819,18.074464],[-63.114837,18.074483],[-63.114822,18.074522],[-63.114754,18.074641],[-63.114702,18.074704],[-63.114683,18.074749],[-63.114703,18.074784],[-63.114833,18.074832],[-63.114956,18.074874],[-63.115006,18.07491],[-63.11504,18.074888],[-63.115065,18.074846],[-63.115131,18.074699],[-63.115279,18.074513],[-63.115355,18.074438],[-63.115401,18.074335],[-63.115463,18.074273],[-63.115505,18.074163],[-63.115541,18.074128],[-63.115667,18.074054],[-63.115891,18.073882],[-63.115981,18.073822],[-63.116152,18.073727],[-63.116216,18.073684],[-63.116271,18.073635],[-63.116314,18.073572],[-63.11634,18.073499],[-63.116349,18.07342],[-63.116345,18.073341],[-63.116315,18.073239],[-63.116277,18.073178],[-63.116249,18.07316],[-63.116201,18.073125],[-63.116146,18.073091],[-63.116072,18.073102],[-63.115967,18.07315],[-63.115868,18.073189],[-63.115744,18.073176],[-63.115642,18.07321],[-63.115553,18.073235],[-63.115477,18.073267],[-63.115406,18.07331],[-63.115269,18.073401],[-63.11521,18.07346],[-63.115159,18.073522],[-63.11509,18.07366],[-63.11505,18.0738],[-63.115038,18.073875],[-63.115018,18.073907],[-63.115,18.073966],[-63.114985,18.074066],[-63.114957,18.074191],[-63.114915,18.07432],[-63.114898,18.074342],[-63.114887,18.074342],[-63.114869,18.074328],[-63.114858,18.074311],[-63.114878,18.074249],[-63.114893,18.07411],[-63.114908,18.073962],[-63.114887,18.073837],[-63.114847,18.073701],[-63.114803,18.073527],[-63.114697,18.073307],[-63.114611,18.073124],[-63.114493,18.072902],[-63.114335,18.072697],[-63.114221,18.072582],[-63.11405,18.072475],[-63.113919,18.072294],[-63.113764,18.072129],[-63.11372,18.072012],[-63.113649,18.07192],[-63.113628,18.071806],[-63.113623,18.07174],[-63.113625,18.071642],[-63.11363,18.071409],[-63.113626,18.071225],[-63.113649,18.071149],[-63.113697,18.071056],[-63.113779,18.070956],[-63.113884,18.070844],[-63.114002,18.07076],[-63.114162,18.070675],[-63.114371,18.070609],[-63.114453,18.070554],[-63.11451,18.070536],[-63.114568,18.070535],[-63.114668,18.070576],[-63.11472,18.070603],[-63.114756,18.070605],[-63.114855,18.070585],[-63.114962,18.070552],[-63.115071,18.070477],[-63.11517,18.070424],[-63.115309,18.070349],[-63.115385,18.070303],[-63.115496,18.070208],[-63.115602,18.070116],[-63.115701,18.069975],[-63.115831,18.069966],[-63.115951,18.069972],[-63.116036,18.069919],[-63.116159,18.069766],[-63.116253,18.069671],[-63.116337,18.069518],[-63.116354,18.069442],[-63.116428,18.069315],[-63.116507,18.069153],[-63.116536,18.069061],[-63.11657,18.068953],[-63.116611,18.068845],[-63.116688,18.06855],[-63.116708,18.068165],[-63.116678,18.068022],[-63.116637,18.067852],[-63.1166,18.067716],[-63.116562,18.067539],[-63.116499,18.067375],[-63.116361,18.067086],[-63.116199,18.066812],[-63.11613,18.066705],[-63.116032,18.066563],[-63.115926,18.066389],[-63.115758,18.066223],[-63.115487,18.065976],[-63.115317,18.065756],[-63.115127,18.065452],[-63.115011,18.065303],[-63.114992,18.065281],[-63.114737,18.064951],[-63.114512,18.06474],[-63.114053,18.064331],[-63.113736,18.064096],[-63.11291,18.063553],[-63.112763,18.063577],[-63.112651,18.063577],[-63.112604,18.063553],[-63.112585,18.063504],[-63.112582,18.063436],[-63.112384,18.063309],[-63.112207,18.063217],[-63.112143,18.063158],[-63.11208,18.063175],[-63.111977,18.063154],[-63.111923,18.063102],[-63.111926,18.062979],[-63.111821,18.062925],[-63.111127,18.062625],[-63.11047,18.06228],[-63.109744,18.061926],[-63.109751,18.061849],[-63.109713,18.061816],[-63.109665,18.061814],[-63.109523,18.061923],[-63.109459,18.061906],[-63.109467,18.06179],[-63.109176,18.06163],[-63.109067,18.061577],[-63.108963,18.061555],[-63.108867,18.061546],[-63.108764,18.061753],[-63.108884,18.061813],[-63.108842,18.061869],[-63.108545,18.061745],[-63.108572,18.06169],[-63.108672,18.061727],[-63.108772,18.061512],[-63.108762,18.061506],[-63.108576,18.061385],[-63.108298,18.061283],[-63.108214,18.061467],[-63.108288,18.061495],[-63.108294,18.061516],[-63.108282,18.061537],[-63.108167,18.061492],[-63.108046,18.061458],[-63.108051,18.061428],[-63.108066,18.061413],[-63.108135,18.061435],[-63.108165,18.061432],[-63.10818,18.061386],[-63.108112,18.061296],[-63.108034,18.061225],[-63.107794,18.06112],[-63.107731,18.06113],[-63.10768,18.061162],[-63.107634,18.061152],[-63.107624,18.061172],[-63.107692,18.061201],[-63.107694,18.06122],[-63.107661,18.06126],[-63.107597,18.061218],[-63.107487,18.061183],[-63.107462,18.061167],[-63.107449,18.061149],[-63.107464,18.061131],[-63.107488,18.061124],[-63.107546,18.061142],[-63.107619,18.061025],[-63.107555,18.060994],[-63.10733,18.060862],[-63.107025,18.060738],[-63.106806,18.060649],[-63.106255,18.060435],[-63.104897,18.060093],[-63.10453,18.060031],[-63.104171,18.059946],[-63.102835,18.059912],[-63.102225,18.059898],[-63.101993,18.059901],[-63.101919,18.059896],[-63.10186,18.059867],[-63.101704,18.059852],[-63.10107,18.059837],[-63.10075,18.059855],[-63.100509,18.059862],[-63.100309,18.059887],[-63.099913,18.059905],[-63.099686,18.059932],[-63.099351,18.059988],[-63.099253,18.060034],[-63.099089,18.060107],[-63.098938,18.060117],[-63.098843,18.060169],[-63.098648,18.060191],[-63.098557,18.06022],[-63.098451,18.060226],[-63.098322,18.060269],[-63.098023,18.060367],[-63.097942,18.060361],[-63.097642,18.060442],[-63.097548,18.060507],[-63.097426,18.060541],[-63.097294,18.060639],[-63.096963,18.060939],[-63.096686,18.061147],[-63.096577,18.061209],[-63.096541,18.061265],[-63.096536,18.061272],[-63.096473,18.061337],[-63.096502,18.061388],[-63.096507,18.061453],[-63.096465,18.061513],[-63.09641,18.061559],[-63.09634,18.06158],[-63.096293,18.061579],[-63.095871,18.061323],[-63.09547,18.061095],[-63.095455,18.061086],[-63.095444,18.061093],[-63.095371,18.061048],[-63.095035,18.060874],[-63.094945,18.060813],[-63.094832,18.060749],[-63.094675,18.060646],[-63.094536,18.060555],[-63.094346,18.060431],[-63.094331,18.060448],[-63.093931,18.060212],[-63.093439,18.059848],[-63.093163,18.059653]]],[[[-63.093082,18.060294],[-63.093904,18.060661],[-63.093868,18.060652],[-63.094347,18.060856],[-63.094668,18.061032],[-63.095003,18.061161],[-63.095281,18.061315],[-63.095285,18.061302],[-63.095381,18.061345],[-63.095438,18.061377],[-63.095434,18.061382],[-63.095486,18.061415],[-63.095538,18.061469],[-63.095749,18.061607],[-63.095989,18.061748],[-63.096101,18.061827],[-63.096118,18.061869],[-63.096089,18.061913],[-63.095989,18.06195],[-63.096006,18.062035],[-63.096032,18.062084],[-63.096073,18.062138],[-63.096118,18.062153],[-63.096147,18.062202],[-63.096167,18.062224],[-63.09622,18.062244],[-63.096266,18.062248],[-63.096315,18.062238],[-63.096335,18.062207],[-63.096277,18.062153],[-63.096253,18.062114],[-63.096253,18.062087],[-63.096275,18.062071],[-63.096353,18.062102],[-63.09639,18.062131],[-63.096428,18.06217],[-63.096454,18.062223],[-63.096455,18.062276],[-63.096442,18.062333],[-63.096431,18.062384],[-63.096416,18.062429],[-63.096399,18.062477],[-63.096351,18.062499],[-63.096345,18.06255],[-63.096315,18.062611],[-63.096262,18.062669],[-63.096179,18.062718],[-63.096105,18.062759],[-63.096016,18.062797],[-63.095946,18.062839],[-63.095894,18.062878],[-63.095842,18.062894],[-63.095776,18.062876],[-63.095667,18.062826],[-63.095604,18.062828],[-63.095377,18.062909],[-63.095283,18.062931],[-63.09519,18.062967],[-63.095094,18.062994],[-63.094906,18.063045],[-63.094547,18.063123],[-63.094427,18.063153],[-63.094214,18.063217],[-63.093634,18.063307],[-63.093489,18.063354],[-63.09326,18.063392],[-63.09309,18.063466],[-63.093016,18.063526],[-63.092982,18.063632],[-63.092981,18.063775],[-63.092947,18.063783],[-63.092876,18.063661],[-63.092498,18.063726],[-63.092354,18.063745],[-63.09225,18.063784],[-63.092332,18.06395],[-63.092304,18.063993],[-63.092263,18.063992],[-63.092114,18.063739],[-63.09195,18.063759],[-63.091755,18.063833],[-63.091644,18.063923],[-63.091605,18.064028],[-63.091624,18.064072],[-63.091727,18.064069],[-63.091769,18.06416],[-63.091636,18.0642],[-63.09155,18.063989],[-63.091209,18.064179],[-63.091035,18.064234],[-63.090993,18.064173],[-63.090853,18.064239],[-63.090839,18.0643],[-63.0907,18.064375],[-63.090443,18.064479],[-63.090357,18.064463],[-63.090282,18.064499],[-63.090081,18.064564],[-63.08979,18.064719],[-63.089859,18.064847],[-63.089883,18.064981],[-63.089856,18.065082],[-63.089804,18.065157],[-63.089705,18.065235],[-63.089563,18.065277],[-63.089417,18.065314],[-63.089309,18.065318],[-63.089109,18.065383],[-63.088174,18.065856],[-63.088043,18.065969],[-63.087644,18.066402],[-63.087618,18.066487],[-63.087611,18.066582],[-63.087442,18.0667],[-63.08705,18.067068],[-63.08671,18.067483],[-63.086629,18.067628],[-63.086554,18.067741],[-63.086521,18.067853],[-63.086513,18.067947],[-63.086531,18.067991],[-63.0865,18.068028],[-63.086567,18.068075],[-63.086544,18.068121],[-63.086467,18.068202],[-63.086093,18.068602],[-63.086028,18.068828],[-63.085935,18.069173],[-63.086034,18.069252],[-63.08629,18.069408],[-63.08649,18.069527],[-63.086755,18.069678],[-63.086832,18.069747],[-63.086912,18.069833],[-63.087028,18.070073],[-63.087046,18.070229],[-63.087038,18.070472],[-63.087006,18.070629],[-63.08704,18.070738],[-63.086996,18.070834],[-63.086912,18.070873],[-63.086821,18.070999],[-63.086764,18.071054],[-63.086705,18.071108],[-63.086703,18.071146],[-63.086791,18.071228],[-63.087271,18.071542],[-63.087487,18.071632],[-63.087492,18.071701],[-63.08741,18.071777],[-63.086891,18.071435],[-63.086833,18.071431],[-63.08674,18.071393],[-63.086674,18.071457],[-63.086546,18.071463],[-63.086057,18.071628],[-63.085735,18.071912],[-63.085198,18.072414],[-63.084718,18.072843],[-63.084463,18.072988],[-63.084192,18.073039],[-63.084085,18.073347],[-63.083222,18.074247],[-63.083203,18.074264],[-63.08303,18.074514],[-63.083009,18.07455],[-63.082559,18.07517],[-63.081772,18.076282],[-63.081148,18.07743],[-63.081086,18.077544],[-63.081044,18.07782],[-63.080987,18.078309],[-63.080895,18.078699],[-63.080927,18.078789],[-63.080903,18.079014],[-63.080947,18.079198],[-63.081018,18.079257],[-63.081068,18.079431],[-63.081175,18.079584],[-63.081222,18.079766],[-63.081184,18.079952],[-63.081185,18.08013],[-63.081211,18.080207],[-63.08128,18.080254],[-63.08129,18.080307],[-63.081319,18.080365],[-63.081404,18.080409],[-63.081466,18.080404],[-63.081517,18.080417],[-63.08149,18.080545],[-63.081559,18.080628],[-63.081714,18.080742],[-63.081805,18.08076],[-63.081905,18.080866],[-63.082042,18.081048],[-63.082534,18.081231],[-63.082855,18.081355],[-63.083088,18.081443],[-63.083191,18.08148],[-63.083271,18.081524],[-63.083345,18.081604],[-63.08339,18.081681],[-63.083472,18.081836],[-63.083572,18.08205],[-63.083686,18.082254],[-63.083809,18.082446],[-63.083916,18.0826],[-63.083952,18.082576],[-63.084499,18.083282],[-63.084661,18.083582],[-63.085507,18.083179],[-63.085585,18.083336],[-63.085826,18.083194],[-63.085932,18.083139],[-63.086011,18.083117],[-63.086078,18.083123],[-63.086132,18.083167],[-63.086164,18.083243],[-63.086156,18.083302],[-63.086125,18.08335],[-63.085814,18.083524],[-63.085566,18.083622],[-63.085206,18.083766],[-63.084864,18.083926],[-63.08492,18.083987],[-63.08484,18.084102],[-63.084816,18.084155],[-63.084777,18.08423],[-63.084748,18.084333],[-63.084925,18.08442],[-63.084976,18.084514],[-63.08495,18.084695],[-63.084877,18.084767],[-63.084861,18.084901],[-63.084964,18.084992],[-63.085047,18.084949],[-63.085109,18.084927],[-63.08497,18.085104],[-63.085003,18.085167],[-63.08502,18.08522],[-63.0851,18.085324],[-63.085146,18.085357],[-63.085199,18.085402],[-63.085336,18.085293],[-63.085361,18.085326],[-63.085346,18.085405],[-63.085381,18.08553],[-63.085355,18.085646],[-63.085382,18.085681],[-63.085426,18.085661],[-63.085476,18.085855],[-63.085508,18.08593],[-63.085478,18.086004],[-63.085534,18.08602],[-63.085576,18.085991],[-63.085602,18.085991],[-63.085608,18.086038],[-63.085552,18.086071],[-63.085537,18.086105],[-63.085564,18.086115],[-63.085621,18.086108],[-63.085642,18.086137],[-63.085665,18.086136],[-63.085676,18.086072],[-63.085757,18.086039],[-63.085789,18.086046],[-63.085794,18.086079],[-63.085736,18.086169],[-63.085646,18.086358],[-63.085565,18.086466],[-63.085507,18.086516],[-63.085535,18.086541],[-63.08547,18.086587],[-63.085427,18.086662],[-63.08539,18.086664],[-63.085396,18.086713],[-63.085337,18.086808],[-63.085264,18.086875],[-63.085227,18.086923],[-63.085192,18.086933],[-63.085133,18.087008],[-63.085106,18.087023],[-63.085073,18.087011],[-63.08502,18.087034],[-63.085051,18.086959],[-63.08499,18.087004],[-63.08493,18.087035],[-63.084867,18.087001],[-63.08471,18.087155],[-63.084635,18.087299],[-63.084596,18.087317],[-63.084569,18.087297],[-63.084532,18.087307],[-63.084508,18.087331],[-63.084464,18.087336],[-63.084429,18.087301],[-63.084377,18.08735],[-63.084287,18.087387],[-63.084188,18.08737],[-63.084166,18.087318],[-63.084063,18.087336],[-63.08418,18.087451],[-63.084147,18.08747],[-63.084087,18.087472],[-63.084055,18.087435],[-63.083978,18.087303],[-63.083939,18.087341],[-63.083913,18.087382],[-63.084009,18.08747],[-63.084002,18.087493],[-63.083958,18.087501],[-63.083957,18.087554],[-63.083898,18.087612],[-63.083762,18.087686],[-63.083732,18.087669],[-63.08373,18.087628],[-63.083688,18.087593],[-63.08365,18.087686],[-63.083543,18.087705],[-63.083485,18.087676],[-63.083424,18.087588],[-63.0834,18.087626],[-63.083341,18.087663],[-63.083275,18.087676],[-63.083212,18.087654],[-63.083132,18.087595],[-63.083037,18.087619],[-63.082967,18.087576],[-63.082845,18.087681],[-63.082715,18.087667],[-63.082642,18.087738],[-63.082541,18.087809],[-63.082479,18.087744],[-63.082407,18.087718],[-63.082095,18.087956],[-63.081461,18.088441],[-63.081079,18.088796],[-63.080898,18.089082],[-63.080788,18.089353],[-63.080779,18.0894],[-63.080753,18.089534],[-63.080765,18.08972],[-63.080706,18.089871],[-63.080729,18.090241],[-63.080729,18.090351],[-63.080723,18.090461],[-63.080689,18.090571],[-63.080638,18.090678],[-63.080544,18.090774],[-63.080413,18.090834],[-63.080223,18.090894],[-63.079911,18.090992],[-63.079638,18.091079],[-63.079484,18.091157],[-63.079337,18.091253],[-63.079076,18.091429],[-63.078881,18.091599],[-63.078298,18.09189],[-63.078169,18.091952],[-63.078064,18.092075],[-63.078015,18.092169],[-63.078019,18.09225],[-63.078219,18.092769],[-63.078219,18.092857],[-63.078276,18.09293],[-63.078242,18.093022],[-63.078056,18.093183],[-63.07783,18.093246],[-63.077677,18.093398],[-63.077565,18.093388],[-63.077288,18.093529],[-63.076945,18.093521],[-63.076362,18.093039],[-63.076021,18.093009],[-63.075715,18.093178],[-63.075451,18.093395],[-63.075022,18.09386],[-63.074578,18.094341],[-63.074367,18.094642],[-63.074279,18.094829],[-63.074238,18.094915],[-63.074185,18.095218],[-63.074278,18.095558],[-63.074246,18.095686],[-63.074303,18.095749],[-63.074234,18.095952],[-63.07428,18.09603],[-63.074215,18.096088],[-63.07418,18.096234],[-63.074044,18.096283],[-63.073956,18.096486],[-63.073938,18.096549],[-63.074021,18.096617],[-63.073929,18.096628],[-63.073847,18.096837],[-63.073876,18.096899],[-63.073808,18.096995],[-63.073897,18.097001],[-63.073801,18.097121],[-63.073813,18.097311],[-63.073876,18.097426],[-63.074033,18.097491],[-63.073992,18.097582],[-63.074021,18.097689],[-63.074121,18.097655],[-63.073986,18.097705],[-63.073965,18.097756],[-63.073971,18.098056],[-63.074024,18.098224],[-63.074133,18.098339],[-63.074247,18.098381],[-63.074283,18.098546],[-63.074393,18.098558],[-63.074379,18.09864],[-63.074482,18.098787],[-63.074627,18.098888],[-63.074853,18.098913],[-63.074842,18.098968],[-63.074986,18.09904],[-63.075013,18.099161],[-63.075068,18.099203],[-63.074847,18.099352],[-63.074738,18.099368],[-63.074677,18.099444],[-63.074624,18.099382],[-63.074612,18.099489],[-63.074525,18.099512],[-63.074348,18.099447],[-63.074283,18.099438],[-63.073646,18.099291],[-63.073385,18.099294],[-63.072987,18.09938],[-63.072424,18.099645],[-63.071892,18.099877],[-63.071849,18.10016],[-63.071814,18.100331],[-63.071874,18.100483],[-63.071861,18.100745],[-63.071789,18.100974],[-63.071833,18.101599],[-63.071804,18.10183],[-63.07171,18.102069],[-63.071633,18.101963],[-63.071539,18.101954],[-63.071346,18.10204],[-63.071226,18.101984],[-63.07076,18.102179],[-63.070477,18.102424],[-63.070414,18.10257],[-63.070389,18.102848],[-63.070217,18.103031],[-63.069977,18.103186],[-63.069594,18.103345],[-63.069403,18.103318],[-63.06918,18.103213],[-63.069099,18.103123],[-63.069113,18.103034],[-63.069198,18.102925],[-63.069278,18.102808],[-63.069398,18.102644],[-63.069462,18.102447],[-63.069444,18.102351],[-63.069356,18.102173],[-63.069134,18.102013],[-63.068926,18.101886],[-63.068825,18.101819],[-63.068694,18.101701],[-63.068501,18.101629],[-63.068307,18.101494],[-63.068301,18.101342],[-63.068209,18.101328],[-63.068177,18.101235],[-63.06811,18.101243],[-63.068047,18.101161],[-63.067848,18.101098],[-63.067689,18.100885],[-63.067605,18.100868],[-63.067625,18.100819],[-63.067577,18.100759],[-63.067475,18.100703],[-63.067402,18.100717],[-63.067387,18.100663],[-63.067457,18.100586],[-63.067396,18.100513],[-63.067252,18.100466],[-63.067162,18.100445],[-63.067057,18.10035],[-63.067015,18.100332],[-63.06698,18.100279],[-63.066998,18.100174],[-63.066966,18.100129],[-63.06693,18.100107],[-63.066775,18.100079],[-63.066187,18.099947],[-63.066114,18.099929],[-63.064764,18.099697],[-63.062773,18.099635],[-63.061857,18.099696],[-63.060381,18.09992],[-63.059421,18.100207],[-63.058349,18.100938],[-63.057174,18.101872],[-63.055805,18.103302],[-63.055169,18.103988],[-63.053836,18.105596],[-63.053203,18.106871],[-63.053071,18.10727],[-63.053055,18.107317],[-63.053021,18.107528],[-63.053048,18.10784],[-63.053126,18.108076],[-63.053234,18.108184],[-63.05332,18.108206],[-63.053491,18.108157],[-63.053617,18.10803],[-63.053991,18.108251],[-63.054054,18.10836],[-63.053938,18.108528],[-63.053562,18.108696],[-63.053343,18.108917],[-63.0529,18.110404],[-63.052902,18.110628],[-63.05298,18.110776],[-63.053417,18.111191],[-63.053514,18.111791],[-63.053489,18.111913],[-63.053388,18.11205],[-63.052877,18.112513],[-63.052618,18.1131],[-63.052717,18.11352],[-63.052746,18.114174],[-63.05283,18.114426],[-63.052753,18.114784],[-63.052795,18.115091],[-63.05292,18.115248],[-63.052958,18.115887],[-63.052713,18.116491],[-63.052609,18.117478],[-63.052358,18.11808],[-63.052404,18.118218],[-63.052346,18.118348],[-63.051625,18.118657],[-63.05144,18.118621],[-63.051132,18.118763],[-63.050981,18.118768],[-63.050776,18.118659],[-63.050483,18.118588],[-63.050092,18.118597],[-63.050068,18.118543],[-63.050147,18.118462],[-63.049736,18.118413],[-63.049783,18.118235],[-63.049736,18.118128],[-63.049361,18.117807],[-63.048894,18.11766],[-63.048543,18.117477],[-63.048484,18.11751],[-63.048421,18.117663],[-63.048171,18.117758],[-63.048148,18.117738],[-63.048294,18.117607],[-63.048171,18.117514],[-63.048107,18.117649],[-63.047962,18.117712],[-63.047935,18.117701],[-63.048047,18.117565],[-63.047965,18.117509],[-63.047847,18.117473],[-63.047717,18.117583],[-63.047487,18.117467],[-63.047462,18.117374],[-63.047325,18.117327],[-63.047147,18.117177],[-63.046889,18.116698],[-63.046664,18.116487],[-63.046251,18.116261],[-63.045771,18.116105],[-63.045552,18.116106],[-63.04533,18.11632],[-63.045317,18.116408],[-63.044926,18.116577],[-63.044837,18.116684],[-63.04468,18.116629],[-63.044463,18.116754],[-63.044182,18.11672],[-63.043632,18.11618],[-63.043374,18.115856],[-63.042858,18.114762],[-63.042453,18.114023],[-63.042144,18.113921],[-63.041841,18.113903],[-63.041044,18.11402],[-63.040352,18.114252],[-63.039553,18.11465],[-63.038989,18.115106],[-63.038837,18.115364],[-63.038802,18.115501],[-63.038912,18.115705],[-63.039029,18.115833],[-63.039063,18.115964],[-63.039213,18.116062],[-63.039425,18.116108],[-63.039458,18.116156],[-63.039363,18.116161],[-63.039124,18.116104],[-63.039239,18.11634],[-63.039422,18.116712],[-63.040377,18.118836],[-63.040396,18.119081],[-63.040238,18.119327],[-63.040182,18.119602],[-63.040018,18.119903],[-63.03998,18.120748],[-63.0399,18.120828],[-63.039805,18.120726],[-63.039434,18.120821],[-63.039437,18.121064],[-63.039389,18.121086],[-63.039363,18.12102],[-63.03927,18.121043],[-63.038955,18.121186],[-63.038751,18.121391],[-63.038658,18.121857],[-63.038617,18.122499],[-63.038502,18.12295],[-63.038625,18.123011],[-63.038402,18.12312],[-63.038443,18.123187],[-63.03808,18.123173],[-63.03779,18.123028],[-63.037529,18.123248],[-63.037496,18.123194],[-63.03759,18.123029],[-63.037473,18.122974],[-63.037301,18.123149],[-63.036938,18.1233],[-63.036741,18.123224],[-63.036608,18.123092],[-63.036285,18.123148],[-63.035712,18.122959],[-63.035618,18.12297],[-63.035566,18.123063],[-63.035375,18.12297],[-63.035178,18.122998],[-63.035147,18.122932],[-63.034887,18.122918],[-63.034197,18.123078],[-63.033976,18.123201],[-63.033825,18.123192],[-63.033376,18.123359],[-63.033337,18.123464],[-63.033185,18.123505],[-63.033064,18.123455],[-63.033007,18.12331],[-63.032861,18.123369],[-63.032812,18.123267],[-63.032469,18.123025],[-63.032345,18.122722],[-63.032212,18.122557],[-63.03196,18.122512],[-63.031391,18.122537],[-63.030906,18.122637],[-63.030506,18.122853],[-63.030409,18.12305],[-63.030442,18.123432],[-63.030519,18.123637],[-63.030506,18.123738],[-63.030442,18.123789],[-63.030346,18.123791],[-63.03023,18.12371],[-63.030132,18.123505],[-63.029857,18.123424],[-63.028549,18.123483],[-63.028063,18.123668],[-63.027088,18.124322],[-63.026606,18.124435],[-63.026155,18.124436],[-63.025773,18.124302],[-63.022478,18.122819],[-63.021853,18.122233],[-63.021516,18.122037],[-63.020644,18.122074],[-63.019875,18.12228],[-63.019779,18.122156],[-63.019534,18.122204],[-63.019377,18.122044],[-63.019364,18.12199],[-63.019467,18.121878],[-63.019727,18.121782],[-63.019701,18.121599],[-63.019933,18.121328],[-63.019822,18.121178],[-63.01999,18.12091],[-63.020687,18.120263],[-63.020819,18.120026],[-63.020727,18.119163],[-63.020659,18.117461],[-63.020734,18.116475],[-63.020353,18.115177],[-63.020365,18.114904],[-63.020504,18.114234],[-63.020488,18.113794],[-63.020074,18.113026],[-63.020025,18.112342],[-63.019939,18.112036],[-63.019796,18.111751],[-63.019478,18.111383],[-63.019005,18.111074],[-63.018792,18.111015],[-63.018145,18.11119],[-63.017834,18.111165],[-63.017767,18.111074],[-63.017533,18.111075],[-63.017422,18.110648],[-63.017424,18.110037],[-63.0172,18.109476],[-63.017231,18.109321],[-63.017336,18.109148],[-63.017837,18.108688],[-63.018218,18.108203],[-63.01854,18.107524],[-63.018753,18.107332],[-63.019083,18.10719],[-63.019345,18.107156],[-63.019607,18.107177],[-63.019828,18.107221],[-63.020257,18.107419],[-63.020805,18.1075],[-63.021139,18.107817],[-63.021452,18.1079],[-63.021464,18.107972],[-63.02131,18.108304],[-63.02137,18.108555],[-63.021555,18.108658],[-63.022075,18.108746],[-63.022656,18.108585],[-63.023068,18.108317],[-63.023441,18.108169],[-63.023662,18.107986],[-63.024422,18.107256],[-63.02449,18.107092],[-63.024629,18.106789],[-63.024717,18.10662],[-63.025102,18.105747],[-63.025065,18.104796],[-63.024953,18.104454],[-63.02487,18.104157],[-63.024718,18.10398],[-63.024601,18.104054],[-63.024457,18.103901],[-63.024074,18.103778],[-63.024006,18.103845],[-63.023932,18.103858],[-63.023895,18.103825],[-63.023924,18.103771],[-63.023857,18.103625],[-63.023726,18.103456],[-63.022919,18.102824],[-63.022558,18.102442],[-63.022351,18.102295],[-63.022253,18.102158],[-63.02215,18.101843],[-63.022194,18.101578],[-63.022168,18.101294],[-63.022217,18.101134],[-63.022372,18.101008],[-63.02264,18.100949],[-63.022823,18.100794],[-63.023288,18.099382],[-63.023273,18.09921],[-63.023162,18.098941],[-63.022733,18.098421],[-63.022837,18.097855],[-63.023067,18.097348],[-63.022991,18.096855],[-63.022914,18.096708],[-63.023002,18.096635],[-63.02333,18.096596],[-63.023493,18.0965],[-63.02365,18.096466],[-63.023693,18.096448],[-63.023775,18.096375],[-63.023835,18.096344],[-63.023863,18.096314],[-63.023886,18.096206],[-63.02382,18.095943],[-63.023816,18.095714],[-63.023795,18.095483],[-63.023731,18.095024],[-63.023669,18.094452],[-63.023639,18.094256],[-63.023576,18.093969],[-63.023525,18.093779],[-63.023361,18.093232],[-63.023309,18.093038],[-63.02318,18.092722],[-63.022977,18.092145],[-63.02284,18.091867],[-63.022753,18.091661],[-63.022721,18.091543],[-63.022585,18.091323],[-63.022422,18.091039],[-63.022336,18.090884],[-63.022258,18.090738],[-63.022139,18.090495],[-63.021994,18.090314],[-63.021819,18.09005],[-63.021655,18.089795],[-63.021422,18.089424],[-63.021158,18.089175],[-63.021029,18.088945],[-63.020864,18.08882],[-63.020609,18.088504],[-63.020344,18.088197],[-63.019652,18.087408],[-63.019432,18.087197],[-63.019116,18.086834],[-63.018682,18.086427],[-63.017879,18.085862],[-63.01691,18.085288],[-63.016439,18.084981],[-63.015839,18.084629],[-63.015413,18.084334],[-63.014953,18.083897],[-63.014674,18.083664],[-63.01439,18.083446],[-63.013529,18.082807],[-63.013261,18.082618],[-63.012947,18.082459],[-63.012751,18.082364],[-63.012692,18.08234],[-63.012528,18.082294],[-63.012434,18.082281],[-63.012293,18.082301],[-63.012043,18.082425],[-63.011805,18.082597],[-63.011607,18.082794],[-63.011587,18.082871],[-63.011531,18.082937],[-63.011442,18.082964],[-63.011248,18.082995],[-63.011029,18.083093],[-63.010823,18.083182],[-63.010639,18.083243],[-63.010385,18.083227],[-63.01023,18.083129],[-63.010234,18.083058],[-63.010858,18.082301],[-63.0116,18.081753],[-63.011986,18.081426],[-63.012198,18.081126],[-63.012264,18.081108],[-63.0124,18.080874],[-63.012591,18.080501],[-63.012687,18.080384],[-63.012788,18.080291],[-63.012783,18.08023],[-63.012842,18.08009],[-63.012897,18.08003],[-63.01296,18.079865],[-63.013063,18.079703],[-63.013318,18.079193],[-63.01361,18.078784],[-63.013665,18.078515],[-63.013745,18.078269],[-63.013872,18.077904],[-63.013908,18.077716],[-63.013979,18.077521],[-63.014021,18.077443],[-63.01404,18.077415],[-63.014042,18.077271],[-63.014055,18.077177],[-63.014146,18.076839],[-63.014262,18.076556],[-63.014432,18.076364],[-63.014554,18.076333],[-63.014648,18.076387],[-63.014756,18.076517],[-63.01485,18.076713],[-63.01485,18.077053],[-63.014781,18.077716],[-63.014815,18.077882],[-63.014994,18.078014],[-63.015183,18.078138],[-63.015845,18.078334],[-63.016506,18.078281],[-63.016876,18.07808],[-63.017271,18.077823],[-63.017849,18.077382],[-63.018049,18.077212],[-63.018157,18.077115],[-63.018413,18.076867],[-63.018851,18.076157],[-63.019103,18.075665],[-63.019201,18.075375],[-63.019424,18.075139],[-63.019933,18.074271],[-63.019983,18.074053],[-63.020058,18.073723],[-63.020119,18.07329],[-63.020153,18.072945],[-63.02014,18.072751],[-63.020063,18.072276],[-63.019808,18.07146],[-63.019099,18.070657],[-63.018848,18.070317],[-63.018112,18.069535],[-63.017501,18.069116],[-63.017007,18.068776],[-63.016786,18.068473],[-63.016621,18.068338],[-63.016491,18.067853],[-63.01657,18.067583],[-63.016326,18.067077],[-63.016603,18.06677],[-63.016802,18.0666],[-63.017056,18.066743],[-63.017502,18.066829],[-63.017672,18.066976],[-63.017882,18.067073],[-63.018401,18.067075],[-63.018506,18.067014],[-63.01871,18.067017],[-63.018908,18.067275],[-63.019252,18.067481],[-63.019742,18.067907],[-63.019684,18.068371],[-63.01993,18.068384],[-63.020023,18.068578],[-63.020238,18.068568],[-63.020411,18.068745],[-63.020438,18.068873],[-63.020496,18.069105],[-63.020214,18.069266],[-63.02007,18.06924],[-63.019478,18.06872],[-63.019302,18.068596],[-63.019156,18.068569],[-63.019477,18.068862],[-63.019628,18.069218],[-63.019828,18.069375],[-63.02006,18.070019],[-63.020213,18.070385],[-63.020302,18.070561],[-63.020951,18.072333],[-63.021022,18.072797],[-63.021082,18.07318],[-63.021108,18.073343],[-63.021035,18.074047],[-63.020919,18.074815],[-63.020821,18.075257],[-63.020811,18.075475],[-63.020953,18.075669],[-63.021019,18.075937],[-63.020989,18.076156],[-63.02077,18.076454],[-63.02069,18.076678],[-63.020718,18.07676],[-63.020869,18.077034],[-63.020807,18.077302],[-63.020718,18.077366],[-63.020622,18.077562],[-63.020469,18.077726],[-63.02039,18.077868],[-63.020318,18.077904],[-63.020293,18.078019],[-63.020224,18.078158],[-63.020101,18.078258],[-63.020043,18.078303],[-63.019975,18.078424],[-63.019977,18.07845],[-63.019988,18.078542],[-63.020043,18.078565],[-63.020127,18.078508],[-63.02025,18.078541],[-63.020329,18.078481],[-63.02038,18.078482],[-63.020419,18.07853],[-63.020464,18.078527],[-63.020531,18.078506],[-63.020591,18.078498],[-63.020678,18.078521],[-63.020832,18.078484],[-63.02097,18.078461],[-63.021303,18.078442],[-63.021408,18.078457],[-63.021509,18.078416],[-63.021601,18.078428],[-63.021671,18.078461],[-63.021764,18.078472],[-63.021818,18.078422],[-63.021929,18.078368],[-63.021969,18.078305],[-63.021989,18.078238],[-63.022054,18.078197],[-63.022159,18.078194],[-63.022276,18.078157],[-63.022239,18.078082],[-63.022253,18.077998],[-63.022363,18.07796],[-63.022462,18.077889],[-63.022446,18.077834],[-63.02237,18.077832],[-63.022314,18.077788],[-63.022324,18.07771],[-63.022412,18.077643],[-63.022568,18.077507],[-63.02255,18.077393],[-63.022865,18.07689],[-63.023095,18.07653],[-63.023189,18.07626],[-63.023488,18.076047],[-63.023708,18.075672],[-63.023701,18.075616],[-63.023627,18.075593],[-63.023758,18.075336],[-63.024347,18.074923],[-63.0246,18.07478],[-63.025065,18.074428],[-63.02526,18.074252],[-63.026515,18.073641],[-63.027089,18.073416],[-63.027749,18.073095],[-63.028506,18.072952],[-63.029333,18.072825],[-63.029773,18.07232],[-63.029881,18.07204],[-63.029956,18.071576],[-63.030147,18.07097],[-63.030271,18.070632],[-63.030295,18.070415],[-63.030266,18.070243],[-63.030111,18.070009],[-63.030531,18.069523],[-63.030704,18.069447],[-63.030822,18.069323],[-63.031131,18.068931],[-63.03123,18.068656],[-63.031296,18.068578],[-63.031331,18.068494],[-63.031501,18.068194],[-63.031601,18.068016],[-63.031661,18.067875],[-63.031669,18.067852],[-63.031704,18.067746],[-63.031798,18.067627],[-63.031925,18.067529],[-63.032042,18.06743],[-63.032115,18.067326],[-63.032034,18.067365],[-63.03194,18.067441],[-63.03186,18.067534],[-63.031804,18.067509],[-63.031726,18.06728],[-63.031619,18.06719],[-63.031537,18.06719],[-63.031509,18.067234],[-63.031629,18.067354],[-63.031713,18.067614],[-63.031543,18.067984],[-63.031384,18.068235],[-63.031275,18.068448],[-63.030934,18.068742],[-63.030761,18.068883],[-63.030626,18.068958],[-63.030356,18.06934],[-63.030225,18.069519],[-63.030102,18.06967],[-63.029923,18.069832],[-63.029476,18.070005],[-63.029181,18.070045],[-63.028923,18.07019],[-63.028636,18.070116],[-63.028363,18.070046],[-63.027773,18.069894],[-63.027809,18.069711],[-63.027482,18.069482],[-63.027478,18.069479],[-63.027365,18.069541],[-63.027295,18.069579],[-63.027173,18.069503],[-63.027169,18.069411],[-63.02716,18.069228],[-63.027111,18.069127],[-63.027091,18.069085],[-63.026976,18.068985],[-63.026959,18.069059],[-63.026835,18.068933],[-63.026739,18.068914],[-63.026617,18.068923],[-63.026382,18.069096],[-63.026158,18.069214],[-63.025695,18.069384],[-63.025112,18.069325],[-63.024695,18.069384],[-63.024014,18.069377],[-63.023835,18.069214],[-63.02368,18.068945],[-63.023428,18.068784],[-63.023179,18.068965],[-63.02274,18.068565],[-63.022562,18.068496],[-63.022467,18.068324],[-63.022045,18.068174],[-63.021942,18.068062],[-63.021845,18.068013],[-63.021282,18.067771],[-63.020922,18.067483],[-63.020636,18.067244],[-63.020598,18.066912],[-63.020613,18.066707],[-63.02027,18.066767],[-63.020035,18.066774],[-63.01965,18.066755],[-63.019412,18.066591],[-63.019293,18.066386],[-63.018722,18.066205],[-63.018527,18.066161],[-63.018304,18.066039],[-63.01815,18.065911],[-63.017985,18.065784],[-63.017924,18.065938],[-63.018047,18.066471],[-63.018317,18.066596],[-63.018257,18.06694],[-63.018011,18.066989],[-63.017822,18.066969],[-63.017622,18.066719],[-63.017305,18.066632],[-63.016972,18.066463],[-63.016774,18.066457],[-63.016669,18.066524],[-63.016599,18.066566],[-63.016549,18.066538],[-63.01654,18.066472],[-63.016548,18.066386],[-63.01665,18.066267],[-63.016792,18.066116],[-63.016864,18.066155],[-63.017001,18.066334],[-63.017175,18.066474],[-63.017377,18.066461],[-63.01743,18.066374],[-63.017507,18.066322],[-63.017571,18.066255],[-63.017637,18.066154],[-63.017725,18.065917],[-63.017725,18.065868],[-63.017715,18.06582],[-63.017647,18.065807],[-63.017591,18.065826],[-63.017562,18.065893],[-63.017529,18.066025],[-63.017471,18.066133],[-63.017402,18.066214],[-63.017309,18.066256],[-63.017198,18.0662],[-63.017037,18.066129],[-63.016837,18.066033],[-63.016861,18.065832],[-63.016824,18.065742],[-63.016888,18.065686],[-63.016812,18.065609],[-63.016734,18.065637],[-63.016639,18.065636],[-63.016443,18.065769],[-63.016445,18.065824],[-63.016419,18.065879],[-63.01637,18.065923],[-63.016416,18.065959],[-63.016501,18.065912],[-63.016584,18.065912],[-63.016633,18.065969],[-63.016662,18.066058],[-63.01665,18.066148],[-63.016501,18.066307],[-63.016513,18.066394],[-63.016482,18.066493],[-63.016521,18.066582],[-63.016482,18.066677],[-63.016295,18.066735],[-63.016078,18.066549],[-63.015762,18.066348],[-63.014815,18.066805],[-63.014481,18.067062],[-63.014356,18.067062],[-63.013596,18.066732],[-63.013174,18.066725],[-63.012687,18.066887],[-63.012558,18.066828],[-63.012231,18.066429],[-63.012047,18.065889],[-63.011844,18.065616],[-63.011679,18.065228],[-63.011721,18.064909],[-63.011864,18.064368],[-63.011968,18.063995],[-63.011989,18.063815],[-63.011861,18.063851],[-63.011954,18.063646],[-63.012152,18.063513],[-63.012385,18.063554],[-63.012644,18.063563],[-63.013133,18.063153],[-63.013316,18.062992],[-63.01335,18.062824],[-63.013263,18.0628],[-63.013304,18.062759],[-63.013452,18.062775],[-63.013655,18.062478],[-63.013756,18.062033],[-63.013764,18.061578],[-63.013637,18.060946],[-63.013131,18.059885],[-63.013097,18.05984],[-63.01262,18.059213],[-63.012132,18.058872],[-63.011955,18.058694],[-63.011868,18.058612],[-63.011724,18.058541],[-63.011589,18.058429],[-63.011463,18.05817],[-63.011344,18.057841],[-63.01121,18.057775],[-63.010987,18.057553],[-63.010816,18.057251],[-63.010822,18.057189],[-63.010981,18.057083],[-63.011011,18.057013],[-63.010942,18.056858],[-63.01071,18.056736],[-63.010697,18.056567],[-63.010572,18.056521],[-63.010449,18.056153],[-63.010468,18.055917],[-63.010409,18.055821],[-63.010487,18.055608],[-63.010201,18.055347],[-63.010132,18.05514],[-63.010212,18.054926],[-63.010173,18.054705],[-63.010372,18.054512],[-63.010541,18.053943],[-63.010705,18.053718],[-63.011297,18.05352],[-63.012171,18.053668],[-63.012383,18.053748],[-63.012703,18.054],[-63.012756,18.054084],[-63.012861,18.054251],[-63.012831,18.054476],[-63.012737,18.054591],[-63.012605,18.05475],[-63.01247,18.055005],[-63.012464,18.055129],[-63.012402,18.05537],[-63.01254,18.055516],[-63.012997,18.055777],[-63.013439,18.05576],[-63.013634,18.055688],[-63.013699,18.055584],[-63.013871,18.055497],[-63.013969,18.055476],[-63.014027,18.055427],[-63.014118,18.055351],[-63.0142,18.055296],[-63.014364,18.05522],[-63.014536,18.05514],[-63.014625,18.055117],[-63.01473,18.055202],[-63.014851,18.055496],[-63.014769,18.055524],[-63.01477,18.055528],[-63.014772,18.055534],[-63.014776,18.055546],[-63.014925,18.055992],[-63.014723,18.056057],[-63.014748,18.056113],[-63.014755,18.056129],[-63.014712,18.056144],[-63.01479,18.05629],[-63.014899,18.056451],[-63.014993,18.056544],[-63.015029,18.056508],[-63.01565,18.056791],[-63.015855,18.056847],[-63.016,18.056846],[-63.016038,18.056818],[-63.01624,18.056871],[-63.016221,18.056911],[-63.016352,18.056958],[-63.01666,18.05705],[-63.016819,18.057064],[-63.016975,18.057033],[-63.017138,18.057068],[-63.017561,18.057157],[-63.017585,18.057165],[-63.018771,18.056482],[-63.020097,18.056627],[-63.020629,18.056683],[-63.023408,18.057762],[-63.027346,18.055114],[-63.028786,18.05458],[-63.030141,18.054965],[-63.036826,18.057874],[-63.040096,18.055758],[-63.040555,18.056025],[-63.041749,18.0569],[-63.042004,18.057049],[-63.043088,18.057813],[-63.043588,18.058181],[-63.043939,18.058433],[-63.044006,18.058423],[-63.044709,18.058939],[-63.045672,18.059674],[-63.046141,18.060017],[-63.046444,18.060215],[-63.047318,18.060829],[-63.047734,18.061148],[-63.047987,18.061324],[-63.048392,18.061539],[-63.048683,18.061711],[-63.048977,18.061842],[-63.049263,18.061997],[-63.049518,18.062147],[-63.050223,18.06258],[-63.050385,18.06267],[-63.050899,18.06293],[-63.051041,18.063011],[-63.05151,18.063306],[-63.051606,18.063373],[-63.051843,18.063566],[-63.051924,18.063617],[-63.052153,18.063736],[-63.052202,18.0638],[-63.052225,18.063815],[-63.05233,18.063852],[-63.052441,18.063871],[-63.052725,18.06389],[-63.052879,18.063918],[-63.053075,18.063966],[-63.053224,18.063986],[-63.053477,18.063978],[-63.053638,18.063961],[-63.053791,18.063924],[-63.054054,18.063835],[-63.054339,18.063751],[-63.054441,18.063709],[-63.054555,18.06364],[-63.054637,18.063612],[-63.054807,18.063582],[-63.054873,18.063563],[-63.054932,18.063532],[-63.054986,18.063489],[-63.055163,18.063315],[-63.055272,18.063239],[-63.055355,18.063195],[-63.055486,18.063139],[-63.055658,18.063087],[-63.055836,18.063052],[-63.056014,18.063031],[-63.057254,18.06297],[-63.058811,18.062876],[-63.059023,18.062842],[-63.05924,18.062838],[-63.059527,18.062863],[-63.059806,18.062909],[-63.06008,18.062976],[-63.06035,18.063058],[-63.060912,18.06325],[-63.061454,18.063402],[-63.062171,18.063592],[-63.062411,18.06364],[-63.062878,18.063703],[-63.063093,18.063761],[-63.063149,18.063763],[-63.063241,18.063737],[-63.063336,18.063686],[-63.063405,18.063622],[-63.063463,18.063545],[-63.063594,18.063345],[-63.063666,18.063259],[-63.063821,18.063098],[-63.063929,18.062969],[-63.063983,18.062881],[-63.06402,18.062794],[-63.064115,18.062529],[-63.06417,18.06243],[-63.064154,18.06222],[-63.064385,18.062144],[-63.064421,18.06208],[-63.064427,18.062051],[-63.064397,18.061936],[-63.064363,18.061728],[-63.064355,18.061628],[-63.064352,18.061497],[-63.064389,18.061438],[-63.064434,18.061371],[-63.064458,18.061339],[-63.064501,18.061289],[-63.064579,18.061202],[-63.0646,18.061172],[-63.064717,18.061035],[-63.06485,18.060895],[-63.065106,18.060549],[-63.065215,18.060414],[-63.065306,18.060315],[-63.065563,18.060112],[-63.06564,18.060038],[-63.065773,18.05991],[-63.066091,18.059662],[-63.06624,18.059466],[-63.066489,18.05914],[-63.066677,18.058774],[-63.066943,18.057853],[-63.068027,18.057179],[-63.072929,18.056618],[-63.074847,18.05525],[-63.075042,18.055111],[-63.076282,18.050419],[-63.07729,18.049313],[-63.078507,18.049104],[-63.079892,18.048535],[-63.082859,18.048331],[-63.083867,18.04796],[-63.084481,18.04772],[-63.084948,18.047592],[-63.08551,18.047413],[-63.08627,18.047171],[-63.086946,18.046972],[-63.087872,18.046714],[-63.088073,18.046652],[-63.088096,18.046592],[-63.088141,18.04666],[-63.088225,18.046741],[-63.088254,18.046869],[-63.088334,18.046899],[-63.088565,18.047152],[-63.088616,18.047388],[-63.088852,18.04765],[-63.089745,18.048351],[-63.090364,18.048705],[-63.090883,18.048875],[-63.09115,18.048856],[-63.09144,18.048933],[-63.091634,18.04891],[-63.091843,18.048873],[-63.092059,18.048742],[-63.092849,18.048507],[-63.093195,18.048566],[-63.093452,18.048832],[-63.093836,18.048807],[-63.094268,18.048825],[-63.094866,18.048961],[-63.095193,18.049198],[-63.095372,18.049351],[-63.095429,18.049492],[-63.095507,18.049783],[-63.095622,18.050141],[-63.095657,18.05086],[-63.095401,18.05155],[-63.09536,18.052387],[-63.094699,18.052801],[-63.094286,18.052804],[-63.093714,18.052304],[-63.093466,18.052087],[-63.093023,18.051395],[-63.092649,18.051015],[-63.091682,18.050699],[-63.091202,18.050644],[-63.09075,18.050659],[-63.090684,18.050765],[-63.090482,18.05077],[-63.090417,18.050951],[-63.090445,18.051428],[-63.09056,18.051567],[-63.090562,18.051978],[-63.090611,18.05228],[-63.09053,18.052428],[-63.090483,18.05265],[-63.090434,18.053317],[-63.090355,18.053626],[-63.090144,18.054039],[-63.089895,18.054471],[-63.0897,18.054946],[-63.089695,18.055472],[-63.089621,18.056178],[-63.089455,18.056971],[-63.089203,18.057552],[-63.08871,18.057914],[-63.088012,18.058857],[-63.087986,18.058969],[-63.088033,18.059112],[-63.088025,18.059168],[-63.087994,18.05922],[-63.088003,18.059255],[-63.087974,18.059344],[-63.087966,18.059452],[-63.088032,18.059683],[-63.08802,18.059718],[-63.088059,18.059789],[-63.088101,18.060281],[-63.088127,18.060298],[-63.088286,18.060178],[-63.088336,18.060193],[-63.088379,18.060239],[-63.08838,18.060285],[-63.088317,18.060337],[-63.088317,18.060367],[-63.088288,18.060401],[-63.088249,18.060675],[-63.088152,18.060688],[-63.088048,18.060715],[-63.088061,18.060754],[-63.088136,18.060782],[-63.088192,18.060871],[-63.088188,18.060931],[-63.088083,18.061161],[-63.088123,18.061166],[-63.08812,18.061207],[-63.088115,18.061287],[-63.088115,18.061378],[-63.088133,18.061378],[-63.088146,18.061408],[-63.0882,18.061414],[-63.088221,18.061452],[-63.088216,18.061506],[-63.088165,18.061552],[-63.088101,18.061579],[-63.088106,18.06162],[-63.088134,18.061644],[-63.088142,18.061723],[-63.088122,18.061806],[-63.088083,18.061893],[-63.08802,18.061979],[-63.087875,18.061951],[-63.087856,18.061994],[-63.087901,18.062017],[-63.087855,18.062115],[-63.087825,18.062113],[-63.087789,18.062143],[-63.0878,18.062177],[-63.087769,18.062218],[-63.08775,18.062288],[-63.087732,18.062385],[-63.087821,18.062429],[-63.08755,18.062957],[-63.087319,18.063273],[-63.087188,18.063628],[-63.087172,18.063742],[-63.086784,18.064106],[-63.086739,18.064116],[-63.086767,18.064193],[-63.086699,18.064267],[-63.086771,18.064332],[-63.086849,18.064256],[-63.087215,18.06459],[-63.087143,18.064692],[-63.086832,18.064503],[-63.086655,18.064811],[-63.087135,18.065321],[-63.087443,18.065056],[-63.087446,18.064964],[-63.087723,18.064741],[-63.087726,18.064672],[-63.08775,18.064628],[-63.088046,18.064506],[-63.088073,18.06442],[-63.088783,18.064113],[-63.088678,18.063849],[-63.089038,18.063533],[-63.089288,18.063792],[-63.089323,18.063762],[-63.089284,18.063713],[-63.089303,18.063696],[-63.089286,18.063679],[-63.089706,18.0633],[-63.090009,18.063043],[-63.090052,18.063083],[-63.090124,18.063018],[-63.090086,18.062977],[-63.090439,18.062656],[-63.090195,18.062476],[-63.090527,18.061963],[-63.090654,18.062044],[-63.090691,18.061992],[-63.090578,18.061904],[-63.090837,18.061503],[-63.091291,18.060881],[-63.092046,18.060423],[-63.092131,18.060456],[-63.092324,18.060761],[-63.092547,18.061069],[-63.092716,18.061258],[-63.092776,18.06143],[-63.092782,18.061546],[-63.092893,18.061745],[-63.093054,18.061741],[-63.093349,18.061427],[-63.09334,18.06142],[-63.093372,18.06139],[-63.09348,18.061461],[-63.093497,18.061449],[-63.093395,18.06136],[-63.093432,18.061323],[-63.093331,18.061213],[-63.093354,18.061201],[-63.093289,18.061119],[-63.092872,18.060851],[-63.092658,18.060698],[-63.092551,18.060583],[-63.092499,18.060446],[-63.092567,18.060396],[-63.092632,18.060438],[-63.092747,18.060423],[-63.093082,18.060294]]]]}},{"type":"Feature","properties":{"code":"97123","nom":"Saint-Barthélemy"},"geometry":{"type":"MultiPolygon","coordinates":[[[[-62.806555,17.880239],[-62.806252,17.880176],[-62.806151,17.879911],[-62.806365,17.879798],[-62.806614,17.880063],[-62.806555,17.880239]]],[[[-62.798191,17.918328],[-62.798314,17.918349],[-62.798344,17.918282],[-62.798444,17.918371],[-62.798487,17.918259],[-62.798545,17.918261],[-62.798592,17.918296],[-62.798699,17.918305],[-62.798784,17.918384],[-62.798891,17.918432],[-62.799026,17.918482],[-62.799199,17.918519],[-62.799319,17.918548],[-62.799429,17.918581],[-62.799528,17.918581],[-62.799638,17.918573],[-62.799713,17.918549],[-62.799795,17.9185],[-62.799818,17.918374],[-62.799904,17.918258],[-62.799986,17.918153],[-62.800107,17.918056],[-62.8001,17.918156],[-62.800078,17.918305],[-62.800114,17.91848],[-62.800121,17.918633],[-62.800107,17.918787],[-62.800103,17.918981],[-62.800043,17.919189],[-62.799975,17.919401],[-62.79997,17.919536],[-62.799869,17.919651],[-62.799767,17.919824],[-62.799776,17.919924],[-62.799637,17.919941],[-62.799508,17.920124],[-62.799362,17.920302],[-62.799028,17.920449],[-62.798829,17.920557],[-62.798834,17.92062],[-62.799011,17.920621],[-62.799187,17.920641],[-62.799141,17.920693],[-62.799015,17.920662],[-62.799001,17.920712],[-62.79892,17.920765],[-62.798816,17.9208],[-62.798713,17.920788],[-62.798656,17.920852],[-62.798533,17.9209],[-62.798472,17.920902],[-62.798434,17.920951],[-62.798316,17.920953],[-62.798309,17.92089],[-62.798376,17.920831],[-62.798335,17.920775],[-62.798229,17.920827],[-62.798199,17.920861],[-62.798141,17.920873],[-62.798096,17.920843],[-62.798064,17.920797],[-62.798042,17.920818],[-62.798067,17.920871],[-62.798036,17.920964],[-62.79785,17.920922],[-62.797772,17.92088],[-62.79785,17.920819],[-62.797926,17.920725],[-62.797822,17.920779],[-62.797755,17.92078],[-62.797686,17.920714],[-62.79757,17.920772],[-62.797486,17.920814],[-62.797461,17.920883],[-62.7974,17.920924],[-62.797344,17.920846],[-62.797206,17.920794],[-62.797149,17.920723],[-62.797054,17.920677],[-62.796969,17.92063],[-62.796991,17.920556],[-62.796935,17.920443],[-62.79688,17.920314],[-62.79697,17.920191],[-62.796878,17.92011],[-62.796859,17.919999],[-62.796837,17.919888],[-62.796856,17.919813],[-62.796764,17.91985],[-62.796688,17.919876],[-62.796617,17.919819],[-62.796581,17.919889],[-62.796516,17.919902],[-62.796478,17.919804],[-62.796475,17.919701],[-62.796499,17.919595],[-62.796594,17.919582],[-62.796659,17.919563],[-62.79664,17.919515],[-62.796584,17.919512],[-62.796527,17.919465],[-62.79652,17.919418],[-62.796534,17.919364],[-62.796474,17.919282],[-62.796569,17.919202],[-62.796458,17.919233],[-62.796412,17.919217],[-62.796424,17.919138],[-62.796394,17.918971],[-62.796435,17.918929],[-62.796421,17.918785],[-62.796459,17.918746],[-62.796544,17.918756],[-62.796577,17.918804],[-62.796659,17.918806],[-62.796735,17.918826],[-62.796815,17.918905],[-62.796973,17.918837],[-62.797083,17.918857],[-62.797122,17.918811],[-62.797122,17.91876],[-62.797186,17.918754],[-62.797276,17.918759],[-62.797431,17.918714],[-62.797508,17.918709],[-62.797561,17.918706],[-62.797614,17.91874],[-62.797692,17.918753],[-62.797752,17.918721],[-62.797843,17.918653],[-62.797964,17.918572],[-62.798066,17.918506],[-62.798122,17.918399],[-62.798191,17.918328]]],[[[-62.797778,17.871845],[-62.79766,17.871729],[-62.797755,17.871653],[-62.797854,17.871791],[-62.797778,17.871845]]],[[[-62.836885,17.936954],[-62.837098,17.937119],[-62.83714,17.937171],[-62.837095,17.937187],[-62.837105,17.937232],[-62.837151,17.937277],[-62.837234,17.937364],[-62.837281,17.937427],[-62.837323,17.937508],[-62.837278,17.937586],[-62.837218,17.937622],[-62.837204,17.937682],[-62.837374,17.937653],[-62.837423,17.937668],[-62.83739,17.937761],[-62.837399,17.937924],[-62.837396,17.938064],[-62.837482,17.938177],[-62.837623,17.938209],[-62.837742,17.938243],[-62.837811,17.93839],[-62.837759,17.93852],[-62.837579,17.938512],[-62.837399,17.938512],[-62.837382,17.938692],[-62.837416,17.938896],[-62.837364,17.939092],[-62.837321,17.939288],[-62.837287,17.939378],[-62.837184,17.939472],[-62.837081,17.93949],[-62.837017,17.939538],[-62.836929,17.93954],[-62.836866,17.939588],[-62.836834,17.939652],[-62.836823,17.939702],[-62.836884,17.939733],[-62.836957,17.939708],[-62.837026,17.939665],[-62.837054,17.939709],[-62.83699,17.939773],[-62.836944,17.939772],[-62.836897,17.939794],[-62.836799,17.939821],[-62.836804,17.939864],[-62.836863,17.93996],[-62.836859,17.940052],[-62.836846,17.940089],[-62.836804,17.940111],[-62.836733,17.940187],[-62.836639,17.940224],[-62.836561,17.940272],[-62.83653,17.94032],[-62.836546,17.940403],[-62.836469,17.940393],[-62.836408,17.940446],[-62.836386,17.940369],[-62.836359,17.940357],[-62.836301,17.940447],[-62.836197,17.940432],[-62.836051,17.94041],[-62.835878,17.940366],[-62.835776,17.940283],[-62.835656,17.940211],[-62.835519,17.940121],[-62.835364,17.93998],[-62.835321,17.939886],[-62.835301,17.939814],[-62.835262,17.939745],[-62.835262,17.939702],[-62.835211,17.939686],[-62.835147,17.93967],[-62.83509,17.939623],[-62.835055,17.93989],[-62.834951,17.939996],[-62.834919,17.940105],[-62.835006,17.94017],[-62.834826,17.940253],[-62.834719,17.940293],[-62.834738,17.940178],[-62.834635,17.940186],[-62.834455,17.940317],[-62.834569,17.940391],[-62.834476,17.940485],[-62.83442,17.940561],[-62.834379,17.940588],[-62.834366,17.940631],[-62.834411,17.94073],[-62.834346,17.940772],[-62.834259,17.940836],[-62.834184,17.940865],[-62.834103,17.940872],[-62.834029,17.940881],[-62.834004,17.940819],[-62.833945,17.940834],[-62.833911,17.940871],[-62.83385,17.940919],[-62.83379,17.940873],[-62.833729,17.940976],[-62.83378,17.941042],[-62.83375,17.941116],[-62.833679,17.941175],[-62.833634,17.941112],[-62.833588,17.94111],[-62.833631,17.941263],[-62.833577,17.941393],[-62.83351,17.941485],[-62.833427,17.941531],[-62.833536,17.94158],[-62.833539,17.941668],[-62.833532,17.941753],[-62.83349,17.941834],[-62.833352,17.941927],[-62.833252,17.941895],[-62.833188,17.941819],[-62.833232,17.94172],[-62.833199,17.941596],[-62.833073,17.941566],[-62.832996,17.941513],[-62.832898,17.941505],[-62.832809,17.941405],[-62.832803,17.941549],[-62.832798,17.94166],[-62.83272,17.941714],[-62.832684,17.941571],[-62.832632,17.941509],[-62.832565,17.941509],[-62.832569,17.94159],[-62.832637,17.941671],[-62.832651,17.94176],[-62.832589,17.941836],[-62.832511,17.941831],[-62.832479,17.941878],[-62.832472,17.941949],[-62.832495,17.942046],[-62.832472,17.942091],[-62.832372,17.942015],[-62.832303,17.941956],[-62.832234,17.941955],[-62.832158,17.941907],[-62.832111,17.941894],[-62.832153,17.942029],[-62.832092,17.942018],[-62.832046,17.941936],[-62.832052,17.941861],[-62.832113,17.941819],[-62.832081,17.941743],[-62.832068,17.941681],[-62.832018,17.941647],[-62.831966,17.941618],[-62.831937,17.94159],[-62.83196,17.941562],[-62.832022,17.94157],[-62.832036,17.941509],[-62.831916,17.94151],[-62.831828,17.941492],[-62.831762,17.94144],[-62.831719,17.941374],[-62.831695,17.941292],[-62.831621,17.941315],[-62.831594,17.941401],[-62.831518,17.941388],[-62.831451,17.941386],[-62.831404,17.941445],[-62.831328,17.941431],[-62.831236,17.941487],[-62.831115,17.941513],[-62.831042,17.941592],[-62.830912,17.941559],[-62.830879,17.941602],[-62.830802,17.941603],[-62.830675,17.941588],[-62.830632,17.94166],[-62.830576,17.941664],[-62.830492,17.941614],[-62.8304,17.941686],[-62.83034,17.941654],[-62.830284,17.941669],[-62.830193,17.94165],[-62.830113,17.941579],[-62.830198,17.941567],[-62.830227,17.941511],[-62.830221,17.941461],[-62.830181,17.941409],[-62.830116,17.941367],[-62.830091,17.941327],[-62.83014,17.941271],[-62.830199,17.941203],[-62.830198,17.941155],[-62.830171,17.941097],[-62.830206,17.940974],[-62.830262,17.940967],[-62.830316,17.941079],[-62.830328,17.940964],[-62.830283,17.940854],[-62.830234,17.940773],[-62.83023,17.940693],[-62.830252,17.940608],[-62.830226,17.940523],[-62.830243,17.940435],[-62.830281,17.940383],[-62.830323,17.940333],[-62.8304,17.940358],[-62.830405,17.940317],[-62.830346,17.940278],[-62.830362,17.940245],[-62.830469,17.940236],[-62.830396,17.940161],[-62.830323,17.940124],[-62.830347,17.940076],[-62.830483,17.940055],[-62.830568,17.939973],[-62.830622,17.939892],[-62.830677,17.939868],[-62.830655,17.939778],[-62.830713,17.939737],[-62.83085,17.939835],[-62.830901,17.939956],[-62.831,17.94],[-62.831126,17.939993],[-62.831193,17.939934],[-62.831296,17.939923],[-62.831378,17.939987],[-62.83146,17.940026],[-62.831535,17.939984],[-62.831657,17.939943],[-62.831744,17.940018],[-62.83184,17.940068],[-62.831934,17.940016],[-62.832055,17.939954],[-62.832132,17.939973],[-62.83222,17.940044],[-62.832336,17.940079],[-62.832427,17.940055],[-62.832517,17.940057],[-62.832657,17.940051],[-62.832699,17.939998],[-62.832733,17.939873],[-62.832754,17.93977],[-62.832771,17.939653],[-62.832812,17.939537],[-62.832879,17.93958],[-62.832942,17.93956],[-62.833007,17.939478],[-62.833029,17.939384],[-62.833116,17.939321],[-62.833216,17.939188],[-62.833355,17.939054],[-62.833542,17.939199],[-62.833679,17.939138],[-62.833908,17.939182],[-62.834125,17.939296],[-62.834361,17.939315],[-62.834659,17.939174],[-62.834836,17.939083],[-62.83504,17.938935],[-62.835208,17.938789],[-62.835357,17.938646],[-62.835466,17.938527],[-62.835582,17.938392],[-62.835744,17.938246],[-62.83578,17.938178],[-62.835808,17.938079],[-62.835825,17.937999],[-62.835879,17.937954],[-62.835874,17.937899],[-62.835927,17.937894],[-62.835957,17.937856],[-62.835944,17.937797],[-62.83593,17.937698],[-62.835968,17.937621],[-62.836009,17.937597],[-62.836078,17.937573],[-62.836074,17.937517],[-62.836116,17.937516],[-62.836156,17.937453],[-62.836212,17.937495],[-62.836242,17.937461],[-62.836239,17.937405],[-62.83632,17.937312],[-62.836353,17.937238],[-62.836371,17.93717],[-62.836439,17.937221],[-62.83653,17.937138],[-62.836605,17.937069],[-62.836722,17.937032],[-62.836798,17.936981],[-62.836885,17.936954]]],[[[-62.812147,17.871341],[-62.812079,17.871439],[-62.812019,17.87148],[-62.81189,17.871464],[-62.811813,17.871472],[-62.811641,17.871553],[-62.811478,17.871562],[-62.811332,17.87148],[-62.811289,17.871357],[-62.811083,17.871161],[-62.810954,17.871129],[-62.8108,17.871071],[-62.810705,17.870908],[-62.810688,17.870818],[-62.810877,17.870818],[-62.811032,17.870859],[-62.811263,17.870859],[-62.811486,17.870908],[-62.81177,17.871022],[-62.812053,17.871178],[-62.812147,17.871341]]],[[[-62.81121,17.871882],[-62.811442,17.871931],[-62.811725,17.871947],[-62.812025,17.872127],[-62.8123,17.872258],[-62.812411,17.872519],[-62.812454,17.872683],[-62.812283,17.872846],[-62.812266,17.87305],[-62.812497,17.873238],[-62.812781,17.873418],[-62.813098,17.873565],[-62.81327,17.873704],[-62.813484,17.873949],[-62.813639,17.874153],[-62.813871,17.874496],[-62.813956,17.874708],[-62.813845,17.874872],[-62.813639,17.875011],[-62.813381,17.875011],[-62.813227,17.875052],[-62.813227,17.875231],[-62.81327,17.875444],[-62.813184,17.875558],[-62.812969,17.875558],[-62.812755,17.875476],[-62.812841,17.87528],[-62.812952,17.875092],[-62.812969,17.874953],[-62.812712,17.874888],[-62.812472,17.874741],[-62.812326,17.874602],[-62.812266,17.874357],[-62.812111,17.874137],[-62.812068,17.873908],[-62.811922,17.873622],[-62.811922,17.873352],[-62.811785,17.873075],[-62.811665,17.872805],[-62.811785,17.872699],[-62.811699,17.872585],[-62.811467,17.87229],[-62.811236,17.872094],[-62.81121,17.871882]]],[[[-62.860235,17.90118],[-62.860266,17.901102],[-62.860259,17.901035],[-62.860237,17.900942],[-62.86021,17.900895],[-62.860213,17.90082],[-62.860184,17.900726],[-62.860125,17.90066],[-62.86014,17.900585],[-62.860181,17.900536],[-62.860166,17.90049],[-62.86019,17.900456],[-62.860271,17.900388],[-62.860294,17.900331],[-62.860369,17.900289],[-62.860447,17.900239],[-62.860472,17.900192],[-62.860508,17.900149],[-62.86057,17.900152],[-62.860614,17.900101],[-62.860692,17.900089],[-62.860772,17.900127],[-62.860841,17.900168],[-62.860871,17.900231],[-62.860845,17.900277],[-62.860753,17.900279],[-62.860732,17.900298],[-62.860799,17.90038],[-62.860859,17.900384],[-62.860894,17.900595],[-62.860881,17.900696],[-62.860862,17.900791],[-62.860836,17.900886],[-62.860805,17.901031],[-62.860748,17.901122],[-62.860691,17.901133],[-62.860686,17.901171],[-62.860598,17.901261],[-62.860557,17.901249],[-62.860527,17.901273],[-62.860471,17.901251],[-62.860419,17.901246],[-62.860359,17.901286],[-62.860288,17.901291],[-62.860228,17.901224],[-62.860235,17.90118]]],[[[-62.876858,17.896937],[-62.87682,17.897029],[-62.876714,17.897083],[-62.87648,17.897013],[-62.876381,17.897021],[-62.876377,17.897088],[-62.876435,17.897227],[-62.876527,17.897289],[-62.876483,17.897383],[-62.876376,17.897341],[-62.876306,17.897494],[-62.876176,17.897464],[-62.876145,17.897313],[-62.876105,17.897173],[-62.876094,17.896979],[-62.87617,17.896867],[-62.876255,17.896771],[-62.876286,17.896691],[-62.876345,17.896624],[-62.876463,17.896627],[-62.87653,17.8966],[-62.876595,17.896648],[-62.876659,17.89671],[-62.876716,17.896777],[-62.876739,17.896836],[-62.876785,17.896885],[-62.876858,17.896937]]],[[[-62.874216,17.957007],[-62.87401,17.956967],[-62.873735,17.956893],[-62.873572,17.956779],[-62.873495,17.956665],[-62.873315,17.95655],[-62.873109,17.956452],[-62.87292,17.956354],[-62.872757,17.956338],[-62.87262,17.95624],[-62.872456,17.956158],[-62.872371,17.956109],[-62.872293,17.956224],[-62.872122,17.956273],[-62.871924,17.95624],[-62.871693,17.956126],[-62.87159,17.956044],[-62.871375,17.956028],[-62.871117,17.956028],[-62.87098,17.955962],[-62.87086,17.955873],[-62.870843,17.955742],[-62.870911,17.955611],[-62.871075,17.955489],[-62.871384,17.95544],[-62.871521,17.955383],[-62.871727,17.955391],[-62.871924,17.955538],[-62.872044,17.955619],[-62.872182,17.955636],[-62.872302,17.955538],[-62.872456,17.955448],[-62.872559,17.955366],[-62.87262,17.955252],[-62.872534,17.955203],[-62.872448,17.955056],[-62.872474,17.95495],[-62.872645,17.954885],[-62.872731,17.954934],[-62.872886,17.954876],[-62.873049,17.954811],[-62.873177,17.954852],[-62.873246,17.954852],[-62.873306,17.954762],[-62.873529,17.954656],[-62.873692,17.954656],[-62.873838,17.954672],[-62.873967,17.954631],[-62.87413,17.95468],[-62.87419,17.954795],[-62.874104,17.954852],[-62.87395,17.954885],[-62.873907,17.954966],[-62.87407,17.954999],[-62.874182,17.955195],[-62.874259,17.955391],[-62.874267,17.955579],[-62.874216,17.95575],[-62.87407,17.955832],[-62.874122,17.955987],[-62.874225,17.956109],[-62.87419,17.956264],[-62.87413,17.956354],[-62.874216,17.956469],[-62.874353,17.956534],[-62.874431,17.956673],[-62.874379,17.956877],[-62.874216,17.957007]]],[[[-62.868096,17.955954],[-62.868199,17.956093],[-62.868251,17.956273],[-62.868173,17.95642],[-62.86801,17.956534],[-62.867899,17.956616],[-62.867727,17.956763],[-62.86753,17.956763],[-62.867435,17.956697],[-62.867315,17.956746],[-62.867169,17.956673],[-62.867169,17.956477],[-62.867238,17.956354],[-62.867272,17.956232],[-62.867255,17.956036],[-62.867135,17.956011],[-62.867118,17.956158],[-62.867058,17.956305],[-62.866886,17.956207],[-62.866886,17.956077],[-62.866697,17.956158],[-62.866586,17.956207],[-62.866491,17.956028],[-62.8665,17.955881],[-62.866697,17.955766],[-62.866869,17.955701],[-62.867041,17.955701],[-62.867289,17.955693],[-62.86747,17.955766],[-62.867701,17.955815],[-62.867925,17.955864],[-62.868096,17.955954]]],[[[-62.878271,17.920484],[-62.878323,17.920451],[-62.878402,17.920429],[-62.878455,17.920478],[-62.878493,17.920568],[-62.878528,17.920572],[-62.878541,17.920616],[-62.878578,17.920638],[-62.878585,17.920673],[-62.878566,17.920695],[-62.878538,17.920697],[-62.878526,17.920731],[-62.878494,17.920752],[-62.878451,17.920763],[-62.878433,17.920792],[-62.878397,17.920789],[-62.878331,17.920761],[-62.878288,17.920731],[-62.878214,17.920733],[-62.878158,17.920703],[-62.878156,17.920645],[-62.878195,17.920553],[-62.87825,17.92055],[-62.878298,17.920529],[-62.878273,17.920506],[-62.878271,17.920484]]],[[[-62.797347,17.872318],[-62.797142,17.872088],[-62.797158,17.872016],[-62.797431,17.872178],[-62.797347,17.872318]]],[[[-62.812769,17.881008],[-62.812602,17.881036],[-62.812579,17.880827],[-62.812757,17.880764],[-62.812769,17.881008]]],[[[-62.804951,17.884722],[-62.804832,17.884654],[-62.804933,17.884513],[-62.8051,17.884614],[-62.804951,17.884722]]],[[[-62.94583,17.952482],[-62.946002,17.952514],[-62.945933,17.95262],[-62.945805,17.95258],[-62.94583,17.952482]]],[[[-62.805016,17.884315],[-62.804749,17.884072],[-62.805242,17.883636],[-62.805313,17.883727],[-62.805052,17.884072],[-62.805016,17.884315]]],[[[-62.945637,17.951395],[-62.945667,17.951493],[-62.945576,17.951511],[-62.945522,17.951444],[-62.945519,17.951401],[-62.945637,17.951395]]],[[[-62.94787,17.950085],[-62.947904,17.950206],[-62.947867,17.950235],[-62.947731,17.950206],[-62.947694,17.950073],[-62.947755,17.95005],[-62.94787,17.950085]]],[[[-62.950737,17.947412],[-62.950728,17.947127],[-62.95084,17.947171],[-62.950891,17.947318],[-62.950925,17.947481],[-62.950827,17.947534],[-62.950737,17.947412]]],[[[-62.946713,17.950892],[-62.946919,17.950753],[-62.947219,17.950965],[-62.947167,17.951088],[-62.947176,17.951381],[-62.947047,17.951316],[-62.946842,17.951202],[-62.946713,17.950892]]],[[[-62.857398,17.896268],[-62.857346,17.89629],[-62.857306,17.896306],[-62.857266,17.8963],[-62.857228,17.896284],[-62.857199,17.896292],[-62.857165,17.896242],[-62.857154,17.896223],[-62.85711,17.896204],[-62.857087,17.896162],[-62.857072,17.896119],[-62.857111,17.896103],[-62.857141,17.896079],[-62.857199,17.896086],[-62.857253,17.896119],[-62.857309,17.896184],[-62.857304,17.896224],[-62.857333,17.896247],[-62.85736,17.896231],[-62.857398,17.896268]]],[[[-62.860089,17.899303],[-62.860118,17.899271],[-62.860153,17.899322],[-62.860164,17.899381],[-62.860185,17.899422],[-62.86023,17.899463],[-62.860261,17.899491],[-62.860277,17.899534],[-62.860245,17.899567],[-62.860204,17.899555],[-62.860208,17.899595],[-62.860136,17.899584],[-62.860122,17.899536],[-62.860092,17.89948],[-62.860058,17.899406],[-62.860081,17.899353],[-62.860089,17.899303]]],[[[-62.878044,17.920068],[-62.87806,17.920024],[-62.878046,17.919975],[-62.877993,17.919936],[-62.87794,17.919913],[-62.878,17.919877],[-62.878044,17.919837],[-62.878066,17.919793],[-62.878196,17.919785],[-62.878262,17.919806],[-62.878314,17.919802],[-62.87844,17.919864],[-62.878496,17.919943],[-62.878496,17.919977],[-62.878473,17.920005],[-62.87842,17.920011],[-62.878375,17.920033],[-62.878348,17.920006],[-62.878301,17.920003],[-62.878257,17.920017],[-62.878253,17.920062],[-62.878236,17.920096],[-62.878274,17.920118],[-62.878329,17.92017],[-62.87837,17.920262],[-62.878379,17.920337],[-62.878313,17.920409],[-62.878203,17.920463],[-62.878115,17.920486],[-62.877984,17.920491],[-62.877897,17.920491],[-62.877839,17.920472],[-62.877817,17.920415],[-62.877816,17.920322],[-62.877851,17.920324],[-62.877879,17.92035],[-62.877921,17.920336],[-62.87792,17.920292],[-62.877952,17.920241],[-62.87798,17.920191],[-62.877976,17.920117],[-62.878044,17.920068]]],[[[-62.95012,17.947363],[-62.950147,17.947418],[-62.950126,17.947471],[-62.950087,17.947495],[-62.950026,17.947459],[-62.949973,17.947448],[-62.94997,17.947396],[-62.949981,17.947334],[-62.95006,17.94734],[-62.95012,17.947363]]],[[[-62.947339,17.950647],[-62.947459,17.950484],[-62.947467,17.950337],[-62.947587,17.950297],[-62.94781,17.950582],[-62.947802,17.95077],[-62.94787,17.950933],[-62.947553,17.950973],[-62.94745,17.950925],[-62.947416,17.950794],[-62.947339,17.950647]]],[[[-62.876246,17.919635],[-62.876218,17.919599],[-62.876196,17.919541],[-62.876143,17.91948],[-62.876134,17.919412],[-62.876155,17.91936],[-62.876202,17.919302],[-62.876224,17.919253],[-62.876274,17.919224],[-62.876315,17.91924],[-62.876348,17.919288],[-62.876349,17.919348],[-62.876422,17.919368],[-62.876466,17.91943],[-62.876476,17.919495],[-62.876407,17.919517],[-62.876406,17.919561],[-62.876376,17.919615],[-62.876246,17.919635]]],[[[-62.856616,17.894927],[-62.856568,17.894967],[-62.856485,17.894975],[-62.856464,17.895023],[-62.856442,17.895046],[-62.85638,17.895023],[-62.856312,17.895036],[-62.856248,17.895005],[-62.856242,17.894948],[-62.85622,17.894922],[-62.85617,17.894916],[-62.856122,17.894859],[-62.856164,17.89484],[-62.856105,17.894815],[-62.856096,17.89478],[-62.856043,17.894745],[-62.856039,17.894709],[-62.856075,17.894708],[-62.856093,17.894746],[-62.85615,17.894741],[-62.85615,17.894707],[-62.856213,17.894728],[-62.856268,17.894734],[-62.856292,17.894697],[-62.856292,17.894659],[-62.856297,17.894612],[-62.856382,17.894619],[-62.856459,17.894612],[-62.856496,17.894633],[-62.856491,17.894662],[-62.856453,17.894701],[-62.856478,17.894725],[-62.856497,17.89474],[-62.856526,17.89475],[-62.856561,17.894716],[-62.856586,17.894748],[-62.856596,17.894801],[-62.856599,17.894838],[-62.856586,17.894861],[-62.856612,17.89488],[-62.856616,17.894927]]],[[[-62.86081,17.899336],[-62.860852,17.89936],[-62.860879,17.899437],[-62.860895,17.899502],[-62.860892,17.899576],[-62.860909,17.899635],[-62.860908,17.899685],[-62.860845,17.89973],[-62.860757,17.899725],[-62.860736,17.899757],[-62.860782,17.899836],[-62.860724,17.899835],[-62.860663,17.899812],[-62.8606,17.899769],[-62.86059,17.899732],[-62.860634,17.899716],[-62.860577,17.899706],[-62.860531,17.899635],[-62.860485,17.899591],[-62.860485,17.899532],[-62.860455,17.899451],[-62.860386,17.899377],[-62.860456,17.899351],[-62.860512,17.899337],[-62.860586,17.899309],[-62.860662,17.899308],[-62.86081,17.899336]]],[[[-62.855646,17.893575],[-62.855658,17.893567],[-62.85568,17.893567],[-62.855718,17.893599],[-62.855736,17.893586],[-62.85574,17.89354],[-62.855773,17.893557],[-62.855796,17.893583],[-62.855837,17.893593],[-62.855879,17.893595],[-62.855909,17.893608],[-62.855938,17.893643],[-62.855955,17.893686],[-62.856001,17.893719],[-62.856003,17.893736],[-62.855969,17.893749],[-62.856007,17.893768],[-62.856014,17.893803],[-62.855975,17.893806],[-62.855982,17.893823],[-62.855961,17.89383],[-62.855878,17.893797],[-62.855926,17.893837],[-62.855953,17.893856],[-62.855954,17.893871],[-62.855925,17.893888],[-62.855904,17.893908],[-62.855922,17.893935],[-62.855924,17.893962],[-62.8559,17.893986],[-62.855859,17.893974],[-62.855831,17.893957],[-62.855765,17.893938],[-62.855706,17.893896],[-62.855647,17.893867],[-62.85562,17.893851],[-62.85559,17.893809],[-62.855551,17.893808],[-62.855523,17.893789],[-62.855507,17.893761],[-62.855527,17.893747],[-62.855542,17.893711],[-62.855624,17.893704],[-62.85563,17.893677],[-62.855585,17.893659],[-62.855558,17.893664],[-62.855526,17.893641],[-62.855461,17.893634],[-62.855408,17.893616],[-62.855392,17.8936],[-62.855403,17.893587],[-62.855385,17.893582],[-62.855416,17.893562],[-62.855412,17.893535],[-62.855434,17.893515],[-62.855466,17.893518],[-62.85548,17.893539],[-62.855499,17.893537],[-62.855507,17.893515],[-62.855516,17.893502],[-62.855542,17.893527],[-62.855581,17.893538],[-62.855598,17.893518],[-62.855619,17.893526],[-62.85563,17.893558],[-62.855646,17.893575]]],[[[-62.951062,17.946764],[-62.950758,17.94667],[-62.950634,17.946772],[-62.95063,17.946519],[-62.950681,17.946299],[-62.950754,17.946116],[-62.950792,17.946001],[-62.950938,17.945973],[-62.950912,17.946071],[-62.950972,17.946181],[-62.950938,17.946303],[-62.950985,17.946434],[-62.951118,17.946588],[-62.951062,17.946764]]],[[[-62.817443,17.940398],[-62.817641,17.940398],[-62.817735,17.940423],[-62.817907,17.940578],[-62.818035,17.940725],[-62.818259,17.940929],[-62.818353,17.941043],[-62.818276,17.941092],[-62.818138,17.941092],[-62.818044,17.941215],[-62.81795,17.941321],[-62.817795,17.941337],[-62.817709,17.941395],[-62.817572,17.941305],[-62.817452,17.941174],[-62.817314,17.940986],[-62.81722,17.940766],[-62.81722,17.940562],[-62.817314,17.940439],[-62.817443,17.940398]]],[[[-62.926327,17.973256],[-62.92635,17.973324],[-62.926479,17.973347],[-62.926551,17.973423],[-62.926496,17.973563],[-62.926397,17.973633],[-62.926419,17.973696],[-62.926479,17.973719],[-62.926525,17.973807],[-62.926502,17.973824],[-62.926406,17.973826],[-62.926384,17.973869],[-62.926344,17.973898],[-62.926372,17.973907],[-62.926406,17.973898],[-62.92646,17.973889],[-62.92648,17.973933],[-62.926457,17.973945],[-62.92649,17.97397],[-62.926473,17.974024],[-62.926452,17.974044],[-62.926433,17.974074],[-62.926395,17.974096],[-62.926335,17.974103],[-62.926326,17.974036],[-62.926253,17.974],[-62.926156,17.974022],[-62.926121,17.974038],[-62.926061,17.974007],[-62.925987,17.973987],[-62.925933,17.974003],[-62.925833,17.973996],[-62.925765,17.974025],[-62.925735,17.974049],[-62.9257,17.974021],[-62.925689,17.973981],[-62.925773,17.973966],[-62.92578,17.973944],[-62.925751,17.97392],[-62.925806,17.973842],[-62.925807,17.973767],[-62.925686,17.973756],[-62.925622,17.97377],[-62.9256,17.97384],[-62.925527,17.973831],[-62.925449,17.973784],[-62.925391,17.973702],[-62.925454,17.973688],[-62.925381,17.973562],[-62.925309,17.973563],[-62.925277,17.973645],[-62.925149,17.973644],[-62.925166,17.97355],[-62.925042,17.973471],[-62.925098,17.973382],[-62.925294,17.973328],[-62.925426,17.973306],[-62.925616,17.97322],[-62.925855,17.973068],[-62.926028,17.973168],[-62.926222,17.97316],[-62.926327,17.973256]]],[[[-62.946667,17.952179],[-62.946449,17.952099],[-62.946515,17.951989],[-62.946412,17.951926],[-62.9462,17.951908],[-62.946346,17.951741],[-62.946218,17.951661],[-62.946109,17.951782],[-62.94597,17.95162],[-62.945843,17.951407],[-62.945952,17.951332],[-62.946152,17.951303],[-62.946309,17.95139],[-62.946382,17.951545],[-62.946449,17.95147],[-62.946582,17.95143],[-62.946782,17.951505],[-62.947255,17.951718],[-62.947503,17.951995],[-62.947273,17.952122],[-62.947279,17.952433],[-62.947175,17.952624],[-62.947147,17.95268],[-62.947022,17.952724],[-62.947034,17.952866],[-62.94694,17.952909],[-62.946858,17.952697],[-62.946788,17.952589],[-62.94683,17.952393],[-62.946667,17.952179]]],[[[-62.950247,17.947602],[-62.950337,17.947578],[-62.950405,17.947611],[-62.950454,17.947518],[-62.950422,17.947425],[-62.950432,17.947373],[-62.9505,17.947379],[-62.950508,17.947501],[-62.95056,17.947547],[-62.950554,17.947605],[-62.950575,17.947755],[-62.950541,17.947792],[-62.950538,17.947951],[-62.950575,17.948058],[-62.950532,17.948158],[-62.950363,17.948199],[-62.95019,17.94813],[-62.950102,17.948063],[-62.950078,17.947991],[-62.950057,17.947902],[-62.949981,17.947899],[-62.949972,17.947775],[-62.950026,17.947703],[-62.950008,17.947619],[-62.950081,17.947616],[-62.950129,17.947651],[-62.950247,17.947602]]],[[[-62.794619,17.923787],[-62.794758,17.923685],[-62.79482,17.923703],[-62.794882,17.923742],[-62.794909,17.923696],[-62.794832,17.923634],[-62.794899,17.923534],[-62.795017,17.923492],[-62.795139,17.923413],[-62.795281,17.923525],[-62.795354,17.923466],[-62.795411,17.923582],[-62.79544,17.923572],[-62.795463,17.923541],[-62.795491,17.923471],[-62.795531,17.92338],[-62.795637,17.923588],[-62.795516,17.923701],[-62.795405,17.923787],[-62.795308,17.923851],[-62.795171,17.9239],[-62.795174,17.92403],[-62.795359,17.924107],[-62.795342,17.924197],[-62.795238,17.924193],[-62.795101,17.924208],[-62.795059,17.924098],[-62.794975,17.924163],[-62.794958,17.924098],[-62.795009,17.924019],[-62.794937,17.923951],[-62.794854,17.923974],[-62.794757,17.923904],[-62.794891,17.923877],[-62.794833,17.923828],[-62.794678,17.923822],[-62.794619,17.923787]]],[[[-62.87615,17.920003],[-62.876173,17.919981],[-62.876233,17.919964],[-62.876269,17.919943],[-62.876316,17.919945],[-62.876362,17.919985],[-62.876396,17.920003],[-62.876418,17.920007],[-62.876434,17.920033],[-62.876458,17.920078],[-62.876485,17.920107],[-62.876485,17.920136],[-62.876456,17.920154],[-62.876462,17.920171],[-62.876479,17.920187],[-62.876512,17.9202],[-62.876536,17.920198],[-62.876547,17.920185],[-62.876576,17.920195],[-62.876609,17.920199],[-62.876627,17.920214],[-62.87664,17.920241],[-62.876669,17.920249],[-62.876705,17.920285],[-62.876709,17.920321],[-62.876688,17.920328],[-62.876685,17.920342],[-62.876661,17.920375],[-62.876646,17.920383],[-62.876636,17.920399],[-62.876622,17.920414],[-62.876607,17.920415],[-62.876601,17.920423],[-62.876615,17.92043],[-62.876686,17.920434],[-62.8767,17.920446],[-62.876721,17.920447],[-62.876736,17.920429],[-62.876737,17.920403],[-62.876746,17.920395],[-62.876761,17.920411],[-62.87678,17.920427],[-62.876793,17.920425],[-62.876805,17.92043],[-62.876807,17.920446],[-62.876808,17.920462],[-62.876821,17.920479],[-62.876843,17.92049],[-62.876862,17.920503],[-62.876865,17.920516],[-62.87686,17.920527],[-62.876864,17.920538],[-62.876875,17.920523],[-62.876888,17.92052],[-62.876921,17.920571],[-62.87693,17.920603],[-62.876954,17.920629],[-62.876932,17.920664],[-62.87694,17.920695],[-62.876955,17.920735],[-62.876954,17.920796],[-62.876931,17.920845],[-62.876911,17.920854],[-62.876893,17.920889],[-62.876855,17.920897],[-62.876811,17.920919],[-62.876774,17.920921],[-62.876739,17.920943],[-62.876716,17.920954],[-62.876699,17.92101],[-62.876653,17.921033],[-62.876626,17.921029],[-62.876589,17.921041],[-62.876561,17.921035],[-62.876534,17.921049],[-62.876521,17.921075],[-62.876486,17.92109],[-62.876451,17.92115],[-62.876417,17.92123],[-62.876288,17.921257],[-62.87624,17.921283],[-62.876189,17.921286],[-62.87616,17.921276],[-62.876117,17.921285],[-62.876084,17.921285],[-62.876044,17.921312],[-62.876027,17.921302],[-62.876001,17.921288],[-62.875984,17.92131],[-62.875954,17.921317],[-62.875929,17.9213],[-62.875905,17.921299],[-62.875859,17.921273],[-62.875864,17.921252],[-62.875921,17.921234],[-62.875894,17.921213],[-62.875842,17.921222],[-62.875789,17.92122],[-62.875768,17.921209],[-62.875786,17.921196],[-62.875822,17.921177],[-62.875852,17.92117],[-62.875825,17.921148],[-62.875802,17.921159],[-62.875779,17.921149],[-62.875764,17.92112],[-62.87572,17.921111],[-62.875701,17.921129],[-62.875679,17.92112],[-62.87567,17.921083],[-62.875636,17.921089],[-62.875582,17.921088],[-62.87558,17.921062],[-62.875555,17.921079],[-62.87554,17.921049],[-62.875519,17.921039],[-62.875505,17.921009],[-62.875489,17.921002],[-62.875459,17.921007],[-62.875445,17.920991],[-62.875466,17.920966],[-62.875447,17.920929],[-62.875425,17.920922],[-62.875433,17.920899],[-62.875417,17.920887],[-62.875382,17.920889],[-62.875363,17.920856],[-62.875326,17.920844],[-62.875295,17.920844],[-62.875287,17.920878],[-62.87527,17.920887],[-62.875264,17.920846],[-62.875265,17.920817],[-62.875259,17.920788],[-62.875256,17.920759],[-62.875294,17.920756],[-62.875298,17.92073],[-62.875322,17.920733],[-62.875337,17.920714],[-62.875332,17.920694],[-62.875331,17.920668],[-62.875369,17.920636],[-62.875369,17.920615],[-62.875323,17.920637],[-62.875275,17.92066],[-62.87525,17.920639],[-62.875253,17.9206],[-62.87524,17.920583],[-62.875203,17.920581],[-62.875187,17.920543],[-62.87522,17.92049],[-62.87522,17.920447],[-62.875186,17.920405],[-62.875192,17.920351],[-62.87522,17.920328],[-62.875211,17.920288],[-62.87524,17.920293],[-62.875253,17.920272],[-62.875263,17.920243],[-62.875255,17.920202],[-62.87523,17.920197],[-62.875216,17.920165],[-62.875231,17.920149],[-62.875265,17.920149],[-62.875295,17.920161],[-62.8753,17.920152],[-62.875273,17.920142],[-62.875258,17.920129],[-62.875261,17.920107],[-62.87524,17.920083],[-62.87523,17.920042],[-62.875249,17.920021],[-62.875256,17.919984],[-62.875231,17.919987],[-62.875217,17.919982],[-62.875217,17.919961],[-62.875252,17.919952],[-62.875257,17.919944],[-62.87524,17.919944],[-62.875215,17.919934],[-62.875228,17.9199],[-62.875244,17.919869],[-62.875278,17.919851],[-62.875309,17.919842],[-62.875333,17.919843],[-62.875347,17.919833],[-62.875315,17.919826],[-62.875276,17.919835],[-62.875258,17.919829],[-62.87526,17.919804],[-62.875278,17.919767],[-62.875289,17.919743],[-62.875316,17.919735],[-62.875349,17.919742],[-62.875386,17.91977],[-62.875417,17.919799],[-62.875417,17.919755],[-62.87543,17.919738],[-62.875464,17.919734],[-62.875491,17.919745],[-62.875509,17.919765],[-62.875521,17.919774],[-62.87553,17.919798],[-62.875534,17.919822],[-62.87553,17.919845],[-62.875517,17.919882],[-62.875534,17.919903],[-62.875538,17.919932],[-62.87553,17.919958],[-62.875537,17.919982],[-62.875554,17.919985],[-62.875563,17.91995],[-62.875581,17.919939],[-62.87561,17.919918],[-62.875648,17.919942],[-62.875706,17.919947],[-62.87569,17.919967],[-62.875708,17.91998],[-62.875718,17.920005],[-62.875754,17.920018],[-62.875816,17.92003],[-62.87586,17.920028],[-62.875894,17.92001],[-62.875923,17.919978],[-62.875948,17.919967],[-62.876015,17.920006],[-62.876032,17.919984],[-62.876063,17.919963],[-62.876105,17.919992],[-62.87615,17.920003]]],[[[-62.903068,17.956976],[-62.90309,17.957007],[-62.903165,17.957133],[-62.903256,17.95724],[-62.903302,17.957247],[-62.90336,17.957183],[-62.90347,17.957128],[-62.903627,17.95712],[-62.903813,17.957293],[-62.903857,17.957353],[-62.903932,17.957366],[-62.90395,17.957439],[-62.903999,17.95745],[-62.904097,17.957447],[-62.904165,17.957461],[-62.904223,17.957494],[-62.904237,17.957556],[-62.904301,17.957589],[-62.904369,17.957594],[-62.904495,17.957649],[-62.90459,17.957604],[-62.904725,17.957685],[-62.904818,17.957652],[-62.90481,17.957724],[-62.904854,17.957787],[-62.904902,17.957867],[-62.905021,17.957892],[-62.90513,17.957818],[-62.905226,17.957798],[-62.90531,17.957725],[-62.905366,17.957755],[-62.905498,17.957716],[-62.905522,17.957771],[-62.905654,17.957847],[-62.905881,17.957904],[-62.906049,17.957854],[-62.906347,17.957909],[-62.906551,17.957815],[-62.906868,17.957634],[-62.906894,17.95747],[-62.907022,17.957214],[-62.90722,17.957224],[-62.907325,17.957229],[-62.907452,17.95716],[-62.907623,17.957194],[-62.907671,17.957215],[-62.907753,17.957174],[-62.907858,17.957141],[-62.90783,17.957061],[-62.907965,17.956961],[-62.908146,17.95693],[-62.908202,17.957008],[-62.908172,17.957152],[-62.90836,17.957147],[-62.908371,17.957267],[-62.908426,17.957141],[-62.908498,17.957103],[-62.908729,17.957062],[-62.908949,17.95702],[-62.909213,17.957005],[-62.909416,17.957011],[-62.909579,17.957051],[-62.909696,17.957036],[-62.909638,17.957149],[-62.909695,17.957207],[-62.909819,17.95712],[-62.909939,17.957052],[-62.910222,17.957121],[-62.910323,17.957146],[-62.910391,17.957221],[-62.910435,17.957295],[-62.910429,17.95741],[-62.910394,17.957542],[-62.910281,17.957592],[-62.910363,17.957635],[-62.910323,17.957743],[-62.910196,17.957719],[-62.910136,17.957848],[-62.910309,17.957917],[-62.910387,17.957959],[-62.910359,17.95807],[-62.91031,17.958159],[-62.910195,17.958203],[-62.910237,17.958312],[-62.910218,17.958379],[-62.910124,17.958391],[-62.91016,17.958545],[-62.910433,17.958534],[-62.910469,17.958589],[-62.910404,17.958737],[-62.910319,17.958793],[-62.910269,17.958902],[-62.910099,17.958897],[-62.909977,17.959115],[-62.909784,17.959167],[-62.909896,17.959293],[-62.909666,17.959325],[-62.909551,17.959451],[-62.909441,17.959495],[-62.909494,17.959582],[-62.909632,17.959602],[-62.909859,17.959679],[-62.909871,17.959726],[-62.909683,17.95981],[-62.909528,17.959897],[-62.909608,17.959978],[-62.909618,17.960129],[-62.909539,17.960184],[-62.90941,17.960224],[-62.909327,17.960203],[-62.909208,17.960183],[-62.909136,17.960168],[-62.909038,17.960196],[-62.908979,17.960212],[-62.908833,17.960133],[-62.908795,17.960156],[-62.908828,17.960258],[-62.908774,17.96027],[-62.90838,17.960258],[-62.908213,17.960302],[-62.9081,17.960404],[-62.907849,17.96049],[-62.907732,17.960479],[-62.907615,17.960415],[-62.907498,17.960342],[-62.907418,17.960272],[-62.907271,17.960382],[-62.907145,17.960458],[-62.907233,17.96052],[-62.90725,17.960576],[-62.907194,17.960605],[-62.907106,17.960596],[-62.907008,17.960622],[-62.906926,17.960639],[-62.906873,17.960625],[-62.906819,17.960574],[-62.906866,17.960529],[-62.906926,17.960483],[-62.90677,17.960413],[-62.906647,17.96042],[-62.906582,17.960441],[-62.90654,17.960486],[-62.906522,17.960535],[-62.906554,17.960615],[-62.906506,17.960696],[-62.90639,17.960702],[-62.906128,17.960787],[-62.905978,17.9608],[-62.905793,17.960839],[-62.90571,17.960889],[-62.905565,17.960912],[-62.905475,17.960874],[-62.905465,17.96084],[-62.905367,17.960799],[-62.905312,17.960913],[-62.905262,17.960928],[-62.905155,17.960924],[-62.905043,17.96086],[-62.904826,17.960811],[-62.904747,17.960771],[-62.9047,17.960684],[-62.904647,17.960579],[-62.904544,17.960509],[-62.904546,17.960353],[-62.904453,17.960153],[-62.904304,17.960064],[-62.904123,17.960042],[-62.903964,17.959949],[-62.903892,17.959854],[-62.903838,17.959794],[-62.903687,17.959751],[-62.903545,17.959828],[-62.903424,17.959715],[-62.903415,17.959628],[-62.903507,17.959611],[-62.903445,17.959491],[-62.90337,17.959455],[-62.903251,17.959524],[-62.903236,17.959631],[-62.903128,17.959702],[-62.903004,17.959776],[-62.902684,17.959734],[-62.902621,17.959617],[-62.902667,17.959473],[-62.902613,17.959443],[-62.902502,17.959518],[-62.902538,17.959581],[-62.902459,17.959643],[-62.902368,17.95962],[-62.902269,17.959553],[-62.902154,17.959547],[-62.902024,17.959332],[-62.901783,17.959209],[-62.90168,17.959059],[-62.901544,17.958971],[-62.901458,17.959062],[-62.901285,17.959019],[-62.901238,17.958918],[-62.901201,17.958983],[-62.901112,17.959016],[-62.901017,17.958935],[-62.900848,17.958876],[-62.900697,17.958851],[-62.900596,17.958812],[-62.900535,17.958924],[-62.900407,17.958852],[-62.900306,17.95878],[-62.900324,17.958629],[-62.900221,17.958644],[-62.900114,17.958725],[-62.900019,17.958762],[-62.899875,17.958709],[-62.899779,17.958743],[-62.899673,17.958734],[-62.899545,17.958698],[-62.899557,17.958614],[-62.899692,17.958543],[-62.899852,17.958585],[-62.89993,17.95855],[-62.899876,17.958412],[-62.899893,17.958329],[-62.899822,17.95823],[-62.899559,17.958353],[-62.899216,17.958387],[-62.899075,17.958435],[-62.898791,17.958389],[-62.898659,17.958346],[-62.89858,17.958372],[-62.898532,17.958341],[-62.898485,17.958275],[-62.898486,17.95837],[-62.898398,17.958326],[-62.898309,17.958304],[-62.898386,17.958134],[-62.898381,17.958092],[-62.898306,17.958179],[-62.898247,17.958154],[-62.898185,17.957953],[-62.898249,17.95789],[-62.898219,17.957812],[-62.898234,17.957739],[-62.898319,17.957713],[-62.898461,17.957637],[-62.898289,17.957647],[-62.898143,17.957656],[-62.898062,17.957609],[-62.897991,17.957553],[-62.89792,17.957455],[-62.897778,17.957282],[-62.897841,17.956859],[-62.898053,17.956566],[-62.898393,17.956336],[-62.898506,17.956211],[-62.89854,17.956091],[-62.898509,17.956],[-62.898413,17.955951],[-62.898572,17.955892],[-62.898619,17.955799],[-62.898531,17.955763],[-62.89849,17.955675],[-62.898385,17.955594],[-62.898433,17.955529],[-62.898542,17.95559],[-62.898578,17.955539],[-62.89856,17.955487],[-62.898508,17.955305],[-62.898635,17.955222],[-62.898721,17.955181],[-62.898852,17.955196],[-62.898909,17.955241],[-62.898976,17.955197],[-62.898849,17.955127],[-62.898893,17.954942],[-62.898955,17.954871],[-62.899053,17.954857],[-62.899228,17.954863],[-62.899249,17.95492],[-62.899477,17.95485],[-62.899724,17.954782],[-62.899918,17.954715],[-62.900068,17.954797],[-62.900271,17.954823],[-62.900454,17.954745],[-62.900659,17.954756],[-62.900771,17.954822],[-62.900839,17.954955],[-62.901068,17.954905],[-62.901296,17.954831],[-62.901351,17.954906],[-62.901483,17.954822],[-62.901509,17.954689],[-62.901534,17.954439],[-62.901766,17.954621],[-62.901684,17.954505],[-62.901716,17.954387],[-62.90183,17.954504],[-62.901888,17.954458],[-62.901826,17.954321],[-62.901926,17.954228],[-62.901921,17.954081],[-62.902011,17.953948],[-62.902105,17.954019],[-62.90223,17.953909],[-62.902417,17.953954],[-62.902547,17.953902],[-62.902575,17.953815],[-62.902486,17.953697],[-62.902391,17.953645],[-62.902192,17.953663],[-62.902237,17.953491],[-62.902124,17.953151],[-62.90207,17.952952],[-62.902084,17.952856],[-62.902203,17.95277],[-62.902091,17.952729],[-62.902067,17.952661],[-62.902152,17.952544],[-62.902229,17.952474],[-62.90213,17.952411],[-62.902131,17.952317],[-62.902093,17.952206],[-62.902104,17.95207],[-62.902048,17.951921],[-62.902101,17.951874],[-62.902188,17.951837],[-62.902201,17.95172],[-62.902172,17.951618],[-62.902212,17.951592],[-62.90227,17.95156],[-62.902266,17.95147],[-62.902281,17.951353],[-62.902391,17.951284],[-62.902498,17.95124],[-62.902541,17.951198],[-62.902591,17.951099],[-62.902674,17.95104],[-62.902844,17.951066],[-62.902871,17.951022],[-62.902969,17.950989],[-62.903063,17.951089],[-62.903118,17.951138],[-62.903181,17.951177],[-62.903204,17.951102],[-62.903272,17.951115],[-62.903352,17.951077],[-62.903519,17.951054],[-62.903633,17.951104],[-62.903685,17.951174],[-62.903683,17.951262],[-62.903774,17.951247],[-62.903901,17.951292],[-62.903939,17.95133],[-62.903911,17.951405],[-62.904127,17.951448],[-62.904137,17.95151],[-62.904257,17.951562],[-62.9043,17.951641],[-62.904359,17.951679],[-62.904465,17.951691],[-62.904558,17.951736],[-62.904596,17.951797],[-62.904685,17.951883],[-62.904725,17.951957],[-62.904754,17.952056],[-62.904771,17.952263],[-62.904727,17.952408],[-62.904747,17.952464],[-62.904596,17.952588],[-62.904556,17.952717],[-62.904368,17.952835],[-62.904326,17.952983],[-62.904301,17.953146],[-62.904091,17.953319],[-62.903958,17.953445],[-62.903826,17.953456],[-62.903862,17.953572],[-62.903834,17.953611],[-62.903754,17.953659],[-62.903673,17.953672],[-62.903673,17.953725],[-62.90372,17.953763],[-62.90374,17.95385],[-62.90383,17.953897],[-62.903767,17.95399],[-62.90365,17.954046],[-62.90376,17.95418],[-62.9039,17.954273],[-62.903939,17.95438],[-62.90386,17.954442],[-62.903799,17.954525],[-62.903839,17.954605],[-62.903885,17.954681],[-62.903922,17.954854],[-62.903809,17.954994],[-62.903769,17.955086],[-62.903748,17.955147],[-62.903818,17.955194],[-62.903618,17.955306],[-62.903633,17.955372],[-62.903571,17.955416],[-62.903385,17.955441],[-62.903406,17.955605],[-62.90332,17.955673],[-62.903178,17.955728],[-62.903075,17.955928],[-62.903015,17.956003],[-62.902972,17.956057],[-62.902869,17.956185],[-62.902829,17.956348],[-62.902842,17.956537],[-62.902862,17.956673],[-62.902903,17.956755],[-62.90297,17.956842],[-62.903068,17.956976]]],[[[-62.81819,17.945747],[-62.818044,17.945673],[-62.817958,17.945592],[-62.817838,17.94542],[-62.817855,17.945265],[-62.817932,17.945151],[-62.817847,17.94502],[-62.817941,17.944971],[-62.818138,17.944881],[-62.818095,17.944767],[-62.818027,17.94462],[-62.818087,17.944473],[-62.818061,17.944375],[-62.81801,17.944253],[-62.818061,17.944032],[-62.818353,17.944032],[-62.818447,17.944146],[-62.818559,17.944163],[-62.818799,17.944163],[-62.819005,17.944261],[-62.819048,17.944416],[-62.819194,17.944506],[-62.819263,17.944571],[-62.819117,17.944783],[-62.819022,17.944996],[-62.818911,17.945102],[-62.818954,17.945224],[-62.818962,17.945371],[-62.818782,17.945437],[-62.818679,17.945502],[-62.818567,17.945673],[-62.818404,17.945714],[-62.81819,17.945747]]],[[[-62.819383,17.94346],[-62.81922,17.943575],[-62.819082,17.943624],[-62.818954,17.94364],[-62.818954,17.943763],[-62.818765,17.943803],[-62.81861,17.943746],[-62.818473,17.943746],[-62.818336,17.943869],[-62.818207,17.943844],[-62.818087,17.943795],[-62.817872,17.943763],[-62.817786,17.943828],[-62.817709,17.943959],[-62.81758,17.943983],[-62.817392,17.943901],[-62.817271,17.943885],[-62.817237,17.943746],[-62.817143,17.943558],[-62.817048,17.943362],[-62.8171,17.943215],[-62.817271,17.943264],[-62.817563,17.94346],[-62.817563,17.943387],[-62.817332,17.943199],[-62.817332,17.943069],[-62.817237,17.942946],[-62.817211,17.942815],[-62.817271,17.942709],[-62.817246,17.942579],[-62.817177,17.942432],[-62.817211,17.942293],[-62.81728,17.942154],[-62.817443,17.94208],[-62.81752,17.941966],[-62.817486,17.941909],[-62.817563,17.941721],[-62.817572,17.941623],[-62.817735,17.941566],[-62.817812,17.941672],[-62.817838,17.941778],[-62.81795,17.941844],[-62.818259,17.941974],[-62.818482,17.942048],[-62.818585,17.942187],[-62.818731,17.942293],[-62.818894,17.942374],[-62.819074,17.942399],[-62.819323,17.942432],[-62.819477,17.942464],[-62.819666,17.942603],[-62.819726,17.942734],[-62.819709,17.942938],[-62.81958,17.94302],[-62.819331,17.943003],[-62.819134,17.942856],[-62.818997,17.942709],[-62.819074,17.942979],[-62.819211,17.943175],[-62.81934,17.94333],[-62.819383,17.94346]]],[[[-62.849712,17.931319],[-62.850004,17.931278],[-62.850218,17.931221],[-62.850519,17.931164],[-62.850776,17.931139],[-62.851017,17.931131],[-62.851163,17.930984],[-62.851326,17.930854],[-62.85148,17.93078],[-62.851703,17.930756],[-62.851806,17.93069],[-62.851909,17.930453],[-62.852029,17.93029],[-62.852201,17.930135],[-62.852364,17.930168],[-62.852527,17.93007],[-62.852768,17.929972],[-62.853094,17.929972],[-62.853428,17.930037],[-62.853737,17.930135],[-62.854029,17.93029],[-62.854252,17.930437],[-62.85451,17.930453],[-62.854587,17.930355],[-62.854759,17.930355],[-62.854776,17.930462],[-62.854827,17.930592],[-62.854939,17.930788],[-62.855025,17.930903],[-62.854965,17.931001],[-62.855051,17.931139],[-62.855197,17.931197],[-62.855205,17.931384],[-62.855171,17.931556],[-62.855171,17.93176],[-62.855085,17.931923],[-62.854965,17.931907],[-62.854922,17.932152],[-62.854894,17.932302],[-62.854922,17.932438],[-62.854948,17.932634],[-62.854948,17.932862],[-62.854913,17.93305],[-62.854827,17.933132],[-62.85481,17.933401],[-62.85481,17.933663],[-62.854767,17.933875],[-62.854682,17.934055],[-62.854553,17.934177],[-62.854398,17.934283],[-62.854261,17.934283],[-62.854132,17.934292],[-62.854029,17.934373],[-62.853952,17.934463],[-62.85369,17.934468],[-62.853568,17.934543],[-62.853443,17.9346],[-62.853291,17.934634],[-62.853177,17.934664],[-62.853086,17.9347],[-62.853202,17.93473],[-62.853206,17.934776],[-62.853175,17.934814],[-62.853128,17.934825],[-62.853051,17.934874],[-62.85311,17.934939],[-62.853083,17.93504],[-62.852984,17.935155],[-62.852872,17.935276],[-62.852795,17.935364],[-62.852669,17.93538],[-62.852589,17.935456],[-62.852571,17.935606],[-62.852529,17.935641],[-62.852453,17.935633],[-62.852393,17.93566],[-62.852384,17.93576],[-62.85231,17.935777],[-62.852247,17.935781],[-62.852168,17.935734],[-62.852141,17.935635],[-62.852191,17.935553],[-62.852157,17.93547],[-62.852077,17.935425],[-62.852003,17.935504],[-62.851986,17.93559],[-62.851928,17.93568],[-62.851844,17.93577],[-62.85177,17.935787],[-62.851618,17.935792],[-62.851523,17.935774],[-62.851432,17.93573],[-62.851369,17.935686],[-62.851324,17.935769],[-62.851276,17.935851],[-62.851284,17.935912],[-62.851242,17.936006],[-62.85116,17.936024],[-62.851051,17.936081],[-62.850953,17.936107],[-62.850886,17.9361],[-62.850834,17.936144],[-62.85072,17.936143],[-62.850735,17.936205],[-62.850605,17.936222],[-62.850564,17.93614],[-62.85049,17.93618],[-62.850506,17.936269],[-62.850453,17.936379],[-62.850413,17.936456],[-62.850328,17.936517],[-62.850275,17.936606],[-62.850178,17.936654],[-62.850089,17.936718],[-62.850008,17.936782],[-62.850072,17.936804],[-62.850053,17.936841],[-62.849979,17.936861],[-62.849913,17.93692],[-62.849767,17.936978],[-62.849595,17.936988],[-62.849369,17.936994],[-62.849234,17.936892],[-62.849034,17.936758],[-62.848934,17.936607],[-62.848855,17.936473],[-62.848769,17.936547],[-62.848713,17.936576],[-62.848716,17.936623],[-62.848661,17.936707],[-62.848613,17.936667],[-62.848521,17.936706],[-62.848468,17.93667],[-62.848571,17.936592],[-62.848471,17.936612],[-62.848446,17.936566],[-62.848364,17.936599],[-62.848331,17.936693],[-62.84815,17.936795],[-62.847999,17.936827],[-62.847895,17.936866],[-62.847834,17.936888],[-62.847799,17.93697],[-62.847723,17.937012],[-62.84763,17.937042],[-62.847495,17.936998],[-62.847382,17.936964],[-62.8473,17.936913],[-62.847146,17.936913],[-62.846983,17.936782],[-62.846931,17.936635],[-62.846811,17.936537],[-62.846785,17.936374],[-62.846845,17.936153],[-62.846871,17.9359],[-62.846871,17.935655],[-62.846931,17.935394],[-62.847051,17.935149],[-62.847137,17.935035],[-62.84718,17.935231],[-62.847283,17.934994],[-62.847314,17.93469],[-62.847352,17.934509],[-62.847471,17.934337],[-62.847565,17.934113],[-62.847729,17.933826],[-62.847808,17.933557],[-62.8478,17.933421],[-62.847854,17.933377],[-62.847814,17.933285],[-62.847867,17.933196],[-62.847951,17.933046],[-62.847984,17.933064],[-62.848059,17.932973],[-62.848076,17.932902],[-62.848143,17.932869],[-62.848218,17.932828],[-62.848236,17.93289],[-62.84825,17.932996],[-62.848303,17.932993],[-62.848333,17.9329],[-62.8484,17.93283],[-62.848459,17.932705],[-62.848517,17.932552],[-62.848536,17.932434],[-62.848593,17.932368],[-62.848648,17.932361],[-62.84867,17.932427],[-62.84877,17.93236],[-62.84879,17.932296],[-62.848781,17.932178],[-62.848847,17.932148],[-62.848885,17.932153],[-62.848932,17.932124],[-62.848984,17.932071],[-62.848945,17.932005],[-62.849171,17.931809],[-62.849377,17.931613],[-62.849532,17.931433],[-62.849712,17.931319]]],[[[-62.850854,17.899301],[-62.851198,17.899802],[-62.851778,17.900231],[-62.852242,17.900656],[-62.852448,17.900876],[-62.852585,17.900925],[-62.852697,17.901032],[-62.852801,17.90108],[-62.852882,17.901428],[-62.852955,17.901613],[-62.853114,17.902015],[-62.853322,17.901981],[-62.85338,17.902169],[-62.853339,17.902181],[-62.853482,17.902648],[-62.853471,17.90267],[-62.853459,17.902682],[-62.853439,17.902686],[-62.853412,17.902677],[-62.853414,17.902701],[-62.85348,17.902928],[-62.853454,17.903005],[-62.853444,17.903017],[-62.853426,17.903011],[-62.853405,17.902998],[-62.85338,17.902957],[-62.853142,17.902203],[-62.852821,17.902286],[-62.852653,17.902612],[-62.852726,17.902919],[-62.852585,17.902955],[-62.852595,17.902986],[-62.852401,17.903036],[-62.852403,17.903128],[-62.852409,17.903205],[-62.852425,17.903333],[-62.852528,17.903731],[-62.852621,17.903916],[-62.852652,17.904],[-62.852822,17.904188],[-62.852858,17.904227],[-62.852935,17.904352],[-62.85304,17.904487],[-62.853211,17.904673],[-62.853314,17.904783],[-62.853446,17.904867],[-62.853612,17.904928],[-62.853746,17.904985],[-62.853912,17.905046],[-62.853978,17.905117],[-62.85402,17.905121],[-62.854036,17.905133],[-62.854039,17.905151],[-62.854007,17.90518],[-62.854039,17.905184],[-62.85409,17.905235],[-62.854151,17.905264],[-62.854224,17.905313],[-62.854308,17.905334],[-62.854387,17.905404],[-62.854491,17.905458],[-62.854551,17.905566],[-62.854611,17.905641],[-62.854679,17.905695],[-62.854771,17.905727],[-62.854928,17.905738],[-62.855006,17.905774],[-62.855096,17.905808],[-62.855073,17.905751],[-62.855093,17.905716],[-62.85514,17.905703],[-62.855187,17.905723],[-62.855223,17.905714],[-62.855249,17.905735],[-62.855335,17.905777],[-62.855398,17.905845],[-62.855438,17.905871],[-62.855497,17.905871],[-62.855519,17.905908],[-62.855482,17.905985],[-62.855512,17.906022],[-62.855562,17.906001],[-62.855629,17.905958],[-62.8557,17.905988],[-62.855735,17.906023],[-62.855733,17.906072],[-62.855725,17.906109],[-62.855697,17.906135],[-62.855682,17.906163],[-62.855675,17.906203],[-62.855635,17.906207],[-62.855595,17.906228],[-62.855614,17.906254],[-62.855665,17.906285],[-62.85573,17.906342],[-62.855796,17.906374],[-62.855805,17.906408],[-62.855844,17.906449],[-62.855875,17.906471],[-62.855891,17.906568],[-62.855911,17.906614],[-62.855863,17.906612],[-62.855892,17.906673],[-62.855909,17.906698],[-62.855947,17.9067],[-62.855989,17.906753],[-62.855985,17.906805],[-62.855976,17.906846],[-62.855958,17.906884],[-62.85593,17.906894],[-62.85594,17.906921],[-62.855938,17.906945],[-62.855917,17.906976],[-62.855916,17.907012],[-62.855901,17.907063],[-62.855883,17.9071],[-62.855887,17.90714],[-62.855878,17.907175],[-62.855861,17.907217],[-62.855835,17.907246],[-62.855829,17.907276],[-62.855829,17.907319],[-62.855831,17.907361],[-62.855964,17.907605],[-62.855973,17.907641],[-62.855955,17.907677],[-62.856006,17.90775],[-62.856103,17.907851],[-62.856241,17.907985],[-62.856426,17.908165],[-62.856507,17.908216],[-62.856586,17.908266],[-62.856658,17.908317],[-62.856734,17.908363],[-62.856808,17.908401],[-62.856885,17.908438],[-62.856963,17.908447],[-62.857008,17.90844],[-62.857034,17.908418],[-62.857055,17.908414],[-62.857077,17.908447],[-62.857099,17.908437],[-62.857091,17.908416],[-62.857097,17.908399],[-62.857134,17.908392],[-62.857177,17.90839],[-62.857215,17.908366],[-62.857232,17.908383],[-62.857268,17.908387],[-62.857309,17.908399],[-62.857343,17.908432],[-62.857418,17.90844],[-62.857494,17.908411],[-62.857574,17.908398],[-62.857647,17.908412],[-62.857728,17.908403],[-62.857786,17.908385],[-62.85776,17.908355],[-62.857796,17.908335],[-62.857837,17.908344],[-62.857885,17.908327],[-62.857939,17.908297],[-62.857968,17.908276],[-62.858035,17.90828],[-62.85815,17.908287],[-62.858179,17.908274],[-62.858214,17.908316],[-62.858242,17.908282],[-62.858285,17.908302],[-62.858356,17.908274],[-62.858418,17.908262],[-62.858501,17.908241],[-62.85857,17.908222],[-62.858639,17.908183],[-62.858682,17.908154],[-62.858679,17.908116],[-62.858698,17.908095],[-62.858771,17.908051],[-62.858853,17.908008],[-62.858905,17.907991],[-62.858975,17.907997],[-62.859047,17.907977],[-62.859094,17.907978],[-62.859147,17.90799],[-62.859182,17.907999],[-62.859232,17.908055],[-62.859263,17.908075],[-62.859327,17.908085],[-62.859352,17.908054],[-62.85941,17.908044],[-62.859505,17.908074],[-62.85954,17.908114],[-62.859626,17.908132],[-62.859725,17.90811],[-62.859813,17.908092],[-62.859898,17.90811],[-62.859906,17.908186],[-62.860012,17.908175],[-62.860138,17.908199],[-62.860174,17.90819],[-62.86023,17.908173],[-62.860269,17.908132],[-62.860331,17.908139],[-62.860335,17.908108],[-62.860389,17.908078],[-62.860438,17.908035],[-62.860434,17.908009],[-62.860396,17.907943],[-62.860379,17.907956],[-62.860284,17.907856],[-62.860298,17.907802],[-62.860343,17.90777],[-62.860382,17.907776],[-62.860423,17.907851],[-62.860458,17.907909],[-62.860499,17.907917],[-62.860535,17.907893],[-62.860569,17.907859],[-62.860646,17.907847],[-62.860719,17.90785],[-62.860802,17.907897],[-62.860854,17.907928],[-62.860894,17.90797],[-62.860885,17.908023],[-62.860881,17.908069],[-62.860897,17.908105],[-62.860873,17.908124],[-62.860893,17.90817],[-62.860858,17.908234],[-62.860865,17.908255],[-62.860894,17.908278],[-62.860951,17.908225],[-62.861007,17.908251],[-62.861045,17.90829],[-62.861052,17.908339],[-62.861084,17.908339],[-62.861101,17.908314],[-62.861123,17.90832],[-62.861139,17.908355],[-62.86117,17.908383],[-62.861228,17.908399],[-62.861245,17.908407],[-62.86123,17.908428],[-62.861224,17.90845],[-62.861265,17.908415],[-62.861293,17.908453],[-62.861307,17.908493],[-62.86134,17.908523],[-62.861366,17.908545],[-62.861358,17.908579],[-62.861337,17.908605],[-62.861292,17.908613],[-62.861308,17.908621],[-62.861382,17.908622],[-62.861427,17.908626],[-62.861455,17.908613],[-62.861489,17.908604],[-62.861543,17.908617],[-62.861549,17.908643],[-62.861537,17.908673],[-62.861531,17.908717],[-62.861561,17.908737],[-62.861625,17.908756],[-62.861608,17.908787],[-62.861578,17.908821],[-62.861558,17.90886],[-62.861534,17.908878],[-62.861606,17.908879],[-62.861624,17.908919],[-62.86161,17.908963],[-62.861606,17.908989],[-62.861576,17.908998],[-62.861575,17.909028],[-62.861541,17.909042],[-62.861506,17.909053],[-62.861577,17.909055],[-62.861626,17.909075],[-62.861655,17.909115],[-62.861632,17.90916],[-62.861618,17.909181],[-62.861558,17.90917],[-62.861588,17.909237],[-62.861636,17.909297],[-62.861687,17.909341],[-62.861717,17.909382],[-62.861789,17.909358],[-62.861855,17.90938],[-62.861937,17.909413],[-62.861994,17.909467],[-62.862019,17.909505],[-62.861971,17.90953],[-62.861987,17.909555],[-62.861969,17.909568],[-62.861925,17.909564],[-62.861945,17.909589],[-62.861914,17.909618],[-62.861868,17.909636],[-62.861916,17.909667],[-62.861975,17.909683],[-62.862052,17.909707],[-62.86207,17.909729],[-62.862094,17.909728],[-62.862118,17.909691],[-62.862201,17.909724],[-62.862237,17.909727],[-62.862308,17.909746],[-62.862381,17.909753],[-62.862413,17.909788],[-62.862405,17.909818],[-62.862418,17.90985],[-62.862448,17.909861],[-62.862475,17.909832],[-62.862559,17.90986],[-62.862587,17.909892],[-62.862575,17.909912],[-62.8626,17.90994],[-62.86264,17.909954],[-62.862722,17.910024],[-62.862813,17.910066],[-62.862865,17.9101],[-62.862901,17.910147],[-62.862918,17.910185],[-62.862973,17.910202],[-62.862968,17.91025],[-62.862992,17.910291],[-62.863005,17.910352],[-62.862985,17.910389],[-62.862977,17.91043],[-62.863,17.910456],[-62.862941,17.910462],[-62.863027,17.910502],[-62.863027,17.91053],[-62.863065,17.910538],[-62.86306,17.910586],[-62.863067,17.910649],[-62.863059,17.910733],[-62.863117,17.910725],[-62.863153,17.910692],[-62.863177,17.910661],[-62.86323,17.910702],[-62.863285,17.910725],[-62.863318,17.910766],[-62.863334,17.910815],[-62.863314,17.910832],[-62.863336,17.910881],[-62.863351,17.910984],[-62.863325,17.911021],[-62.863345,17.911051],[-62.863389,17.911035],[-62.863406,17.911054],[-62.863457,17.91107],[-62.863503,17.911085],[-62.863534,17.911067],[-62.863508,17.911027],[-62.863513,17.910991],[-62.863533,17.910982],[-62.863562,17.910998],[-62.863592,17.911043],[-62.863618,17.911055],[-62.863659,17.911033],[-62.863587,17.910975],[-62.863549,17.91093],[-62.863551,17.910912],[-62.863569,17.910904],[-62.863608,17.910946],[-62.863649,17.910973],[-62.863697,17.911],[-62.863729,17.91099],[-62.863738,17.910944],[-62.863745,17.91092],[-62.863784,17.910909],[-62.863794,17.910964],[-62.863784,17.910991],[-62.863807,17.910992],[-62.863851,17.910958],[-62.863865,17.911003],[-62.863913,17.911036],[-62.863961,17.911076],[-62.863999,17.911119],[-62.864027,17.911175],[-62.864045,17.911227],[-62.86408,17.911287],[-62.864076,17.911343],[-62.864098,17.911383],[-62.864111,17.911399],[-62.864105,17.911427],[-62.864134,17.911436],[-62.864165,17.911426],[-62.864172,17.911387],[-62.864213,17.911358],[-62.864269,17.911365],[-62.864325,17.91139],[-62.86435,17.911413],[-62.864351,17.911438],[-62.86436,17.911465],[-62.86443,17.911495],[-62.864483,17.911569],[-62.864492,17.911608],[-62.864538,17.911634],[-62.86458,17.911631],[-62.86463,17.911655],[-62.864639,17.91172],[-62.864602,17.911726],[-62.864618,17.911791],[-62.864662,17.91188],[-62.86468,17.911816],[-62.864713,17.911781],[-62.864803,17.91183],[-62.864862,17.91197],[-62.86485,17.912049],[-62.864806,17.912124],[-62.864732,17.912118],[-62.864724,17.912186],[-62.864746,17.912246],[-62.86482,17.912332],[-62.864887,17.91237],[-62.86498,17.9124],[-62.865036,17.912419],[-62.865035,17.912458],[-62.865001,17.912508],[-62.864933,17.912582],[-62.86495,17.912596],[-62.865012,17.912587],[-62.865089,17.912615],[-62.865161,17.912666],[-62.865207,17.912716],[-62.86523,17.912806],[-62.865185,17.912933],[-62.865181,17.912961],[-62.865212,17.912986],[-62.865243,17.913001],[-62.865275,17.912989],[-62.865304,17.912971],[-62.865338,17.912997],[-62.865417,17.912959],[-62.865494,17.91292],[-62.865545,17.912888],[-62.865605,17.912874],[-62.865742,17.91285],[-62.865839,17.912832],[-62.86588,17.912842],[-62.865906,17.912876],[-62.865942,17.912869],[-62.865971,17.912889],[-62.866034,17.912917],[-62.866079,17.912963],[-62.866106,17.912978],[-62.866134,17.913004],[-62.866179,17.91308],[-62.866195,17.913102],[-62.86625,17.91319],[-62.86626,17.913275],[-62.86623,17.913337],[-62.866219,17.913399],[-62.866207,17.91346],[-62.866176,17.913493],[-62.866123,17.913509],[-62.866086,17.913528],[-62.866093,17.913584],[-62.86605,17.913659],[-62.866046,17.913702],[-62.866179,17.913918],[-62.866351,17.914146],[-62.866502,17.914299],[-62.866581,17.91436],[-62.866747,17.914502],[-62.867022,17.91472],[-62.867272,17.914746],[-62.867342,17.914828],[-62.867621,17.914868],[-62.86781,17.914942],[-62.868031,17.914899],[-62.868253,17.914981],[-62.868423,17.915025],[-62.868563,17.915008],[-62.868726,17.915068],[-62.868844,17.91518],[-62.86903,17.915221],[-62.869187,17.91539],[-62.869159,17.915547],[-62.869339,17.915496],[-62.869462,17.915551],[-62.869666,17.915724],[-62.869786,17.915863],[-62.869786,17.915994],[-62.869502,17.916133],[-62.869717,17.916239],[-62.869743,17.91641],[-62.869849,17.916685],[-62.869904,17.916924],[-62.869932,17.91721],[-62.869842,17.917382],[-62.869777,17.917464],[-62.869802,17.917611],[-62.869837,17.91775],[-62.869923,17.917913],[-62.87009,17.917927],[-62.869983,17.918036],[-62.870095,17.918199],[-62.870154,17.918398],[-62.870082,17.918632],[-62.870009,17.918836],[-62.870084,17.919089],[-62.870275,17.91932],[-62.870601,17.919587],[-62.870781,17.919669],[-62.870919,17.9198],[-62.871005,17.919889],[-62.871203,17.919966],[-62.871425,17.919983],[-62.871636,17.919865],[-62.871794,17.9198],[-62.87188,17.919771],[-62.871949,17.91971],[-62.871966,17.919881],[-62.872043,17.919963],[-62.872071,17.920108],[-62.872171,17.920169],[-62.872276,17.920242],[-62.872444,17.920331],[-62.872566,17.920392],[-62.872719,17.92042],[-62.872905,17.920514],[-62.873094,17.920298],[-62.873203,17.920134],[-62.87335,17.920093],[-62.873505,17.920088],[-62.873833,17.920253],[-62.87366,17.920342],[-62.873619,17.920395],[-62.873714,17.920471],[-62.873737,17.92054],[-62.873787,17.920588],[-62.873906,17.920593],[-62.874034,17.920829],[-62.87408,17.92085],[-62.874112,17.920928],[-62.874121,17.921],[-62.874187,17.921114],[-62.874082,17.921191],[-62.87392,17.921259],[-62.873673,17.921179],[-62.873403,17.921173],[-62.873305,17.921049],[-62.873142,17.920935],[-62.87303,17.921016],[-62.873013,17.92118],[-62.87279,17.921212],[-62.872618,17.921139],[-62.872481,17.921253],[-62.872326,17.921294],[-62.872146,17.921368],[-62.872146,17.921449],[-62.871992,17.921449],[-62.872086,17.921539],[-62.872072,17.92166],[-62.871691,17.921662],[-62.871451,17.921702],[-62.871262,17.921653],[-62.871279,17.921751],[-62.871125,17.92176],[-62.870764,17.921605],[-62.870493,17.921624],[-62.870095,17.921539],[-62.869839,17.921505],[-62.869691,17.921508],[-62.869643,17.921535],[-62.869537,17.921596],[-62.869281,17.921743],[-62.869067,17.921924],[-62.868935,17.922149],[-62.868698,17.922637],[-62.868466,17.923184],[-62.868408,17.923596],[-62.868311,17.923721],[-62.868326,17.924024],[-62.868298,17.924174],[-62.868272,17.924309],[-62.868272,17.924497],[-62.868241,17.92466],[-62.868203,17.924863],[-62.868249,17.925149],[-62.868387,17.925312],[-62.868531,17.925486],[-62.868659,17.92554],[-62.868889,17.925484],[-62.869007,17.925723],[-62.868931,17.92584],[-62.869013,17.926022],[-62.869116,17.92621],[-62.869331,17.926374],[-62.869544,17.926491],[-62.869773,17.926529],[-62.870066,17.926498],[-62.870488,17.926727],[-62.870868,17.926697],[-62.87117,17.92695],[-62.871636,17.926964],[-62.871901,17.926782],[-62.872276,17.926629],[-62.872371,17.926871],[-62.87249,17.927181],[-62.872145,17.927429],[-62.871913,17.927429],[-62.871891,17.927593],[-62.871558,17.927823],[-62.871365,17.927934],[-62.871213,17.928087],[-62.871249,17.928312],[-62.871046,17.928369],[-62.870827,17.928424],[-62.870617,17.928447],[-62.87049,17.928521],[-62.870284,17.928652],[-62.870026,17.928766],[-62.86982,17.928742],[-62.869545,17.92875],[-62.869339,17.928799],[-62.869108,17.928848],[-62.868927,17.928905],[-62.868567,17.928938],[-62.86843,17.928979],[-62.868224,17.929028],[-62.868052,17.928995],[-62.867906,17.928954],[-62.867743,17.928913],[-62.867734,17.928783],[-62.867657,17.928742],[-62.86752,17.928848],[-62.867365,17.928824],[-62.867468,17.928543],[-62.867762,17.928326],[-62.867635,17.928215],[-62.867269,17.928129],[-62.867001,17.92791],[-62.866878,17.927642],[-62.866869,17.927205],[-62.866552,17.9268],[-62.866528,17.926587],[-62.866641,17.926149],[-62.866838,17.925861],[-62.866877,17.925447],[-62.867064,17.925172],[-62.86738,17.925165],[-62.867565,17.925081],[-62.867539,17.924842],[-62.867189,17.924509],[-62.866904,17.924437],[-62.866521,17.924356],[-62.866258,17.924275],[-62.866112,17.924193],[-62.865855,17.924128],[-62.865571,17.923997],[-62.865451,17.923899],[-62.865349,17.923665],[-62.865397,17.923316],[-62.865444,17.922984],[-62.865414,17.922482],[-62.865263,17.922222],[-62.865303,17.921983],[-62.865275,17.921781],[-62.865175,17.921582],[-62.864916,17.921286],[-62.864735,17.921143],[-62.86443,17.920902],[-62.864314,17.920799],[-62.864246,17.920623],[-62.864093,17.920468],[-62.86398,17.920359],[-62.863821,17.920114],[-62.863673,17.91985],[-62.863546,17.919783],[-62.863335,17.919739],[-62.863151,17.919803],[-62.862926,17.919965],[-62.862779,17.920023],[-62.862388,17.920175],[-62.862049,17.920367],[-62.861848,17.92045],[-62.861703,17.920578],[-62.861735,17.920796],[-62.861906,17.920902],[-62.861967,17.92109],[-62.861984,17.921284],[-62.861935,17.921439],[-62.861897,17.921618],[-62.861785,17.921826],[-62.861669,17.921971],[-62.861443,17.921961],[-62.861214,17.921799],[-62.861065,17.921662],[-62.860825,17.921498],[-62.860825,17.921408],[-62.860722,17.921302],[-62.86059,17.921078],[-62.860505,17.920894],[-62.860336,17.920698],[-62.860058,17.920449],[-62.859984,17.920287],[-62.859991,17.920193],[-62.859995,17.920103],[-62.859999,17.919963],[-62.859496,17.919514],[-62.859074,17.919325],[-62.858511,17.919198],[-62.857858,17.919109],[-62.857211,17.919102],[-62.856629,17.919142],[-62.856141,17.919227],[-62.855594,17.919364],[-62.855087,17.919492],[-62.854663,17.919714],[-62.854364,17.919871],[-62.854251,17.920012],[-62.854262,17.920154],[-62.854292,17.920549],[-62.854267,17.920697],[-62.854225,17.920938],[-62.854059,17.921221],[-62.85394,17.921236],[-62.853825,17.921228],[-62.853746,17.921315],[-62.853568,17.921375],[-62.853362,17.921464],[-62.853246,17.921441],[-62.853135,17.921384],[-62.852963,17.921433],[-62.852765,17.921515],[-62.852388,17.921645],[-62.851864,17.921817],[-62.851641,17.921866],[-62.851478,17.92198],[-62.851263,17.922005],[-62.85116,17.922034],[-62.851075,17.922086],[-62.85098,17.922152],[-62.850977,17.922325],[-62.850634,17.922284],[-62.850354,17.922176],[-62.850096,17.92207],[-62.850031,17.921848],[-62.849899,17.921784],[-62.849848,17.921575],[-62.849753,17.921452],[-62.849593,17.921333],[-62.849514,17.921179],[-62.849453,17.920964],[-62.849323,17.920779],[-62.849263,17.920469],[-62.8492,17.920175],[-62.849245,17.920019],[-62.849177,17.919785],[-62.849096,17.919313],[-62.849142,17.919174],[-62.849044,17.919136],[-62.848965,17.918975],[-62.848962,17.918849],[-62.848986,17.91869],[-62.848945,17.918505],[-62.848935,17.918319],[-62.848929,17.918158],[-62.848915,17.917921],[-62.848826,17.917673],[-62.848762,17.917385],[-62.84852,17.917159],[-62.848304,17.917172],[-62.848156,17.917096],[-62.847993,17.916974],[-62.847604,17.916651],[-62.847367,17.916528],[-62.847074,17.916533],[-62.846907,17.916594],[-62.84677,17.916644],[-62.846475,17.916764],[-62.84615,17.916923],[-62.845823,17.917071],[-62.845599,17.91708],[-62.84529,17.917105],[-62.845178,17.917178],[-62.845039,17.917227],[-62.844876,17.917208],[-62.84474,17.917145],[-62.844594,17.91708],[-62.844561,17.917014],[-62.844549,17.916904],[-62.844423,17.916949],[-62.84434,17.916889],[-62.844238,17.916824],[-62.844138,17.916833],[-62.844066,17.916776],[-62.844161,17.916634],[-62.844187,17.916506],[-62.844171,17.916321],[-62.844111,17.916045],[-62.843963,17.915905],[-62.84394,17.915721],[-62.843964,17.915591],[-62.84407,17.915537],[-62.844043,17.915467],[-62.843826,17.915498],[-62.843832,17.915321],[-62.843704,17.915235],[-62.843782,17.915029],[-62.843625,17.915055],[-62.843633,17.914949],[-62.84375,17.914769],[-62.843863,17.91466],[-62.844008,17.914548],[-62.84419,17.914522],[-62.844271,17.914587],[-62.844345,17.914681],[-62.844433,17.914694],[-62.844581,17.914646],[-62.844728,17.914539],[-62.84488,17.914355],[-62.84501,17.914132],[-62.845005,17.913838],[-62.84496,17.913484],[-62.844832,17.912996],[-62.844669,17.912625],[-62.84444,17.91231],[-62.844264,17.912038],[-62.84402,17.911704],[-62.843684,17.911244],[-62.843591,17.911015],[-62.84345,17.910805],[-62.843316,17.910554],[-62.843049,17.910261],[-62.842764,17.910076],[-62.84258,17.910006],[-62.84245,17.910007],[-62.842307,17.910016],[-62.842166,17.910073],[-62.842033,17.910171],[-62.841933,17.91027],[-62.841796,17.910321],[-62.841691,17.910331],[-62.841592,17.910404],[-62.841492,17.910494],[-62.841409,17.91059],[-62.841254,17.910667],[-62.841077,17.910702],[-62.840973,17.910719],[-62.840876,17.910701],[-62.84081,17.910654],[-62.840678,17.91061],[-62.84051,17.910574],[-62.840344,17.910498],[-62.840165,17.910441],[-62.840142,17.910315],[-62.840019,17.910222],[-62.839993,17.910163],[-62.840051,17.91004],[-62.840003,17.909943],[-62.840058,17.909812],[-62.839999,17.909729],[-62.840033,17.909464],[-62.840062,17.909277],[-62.840094,17.909136],[-62.840075,17.909056],[-62.840002,17.908946],[-62.84002,17.908921],[-62.840019,17.908904],[-62.839959,17.908887],[-62.839934,17.908919],[-62.839903,17.908931],[-62.839814,17.908887],[-62.839685,17.908693],[-62.83962,17.908579],[-62.839597,17.908445],[-62.839632,17.908373],[-62.839779,17.90825],[-62.839842,17.908208],[-62.839919,17.907984],[-62.839913,17.907851],[-62.840149,17.907694],[-62.840325,17.907669],[-62.840417,17.90751],[-62.840618,17.907397],[-62.840764,17.907407],[-62.840915,17.907207],[-62.841091,17.906944],[-62.841196,17.906808],[-62.841197,17.90666],[-62.841181,17.906326],[-62.841045,17.905967],[-62.840864,17.905602],[-62.840733,17.905431],[-62.840659,17.905318],[-62.840579,17.905155],[-62.840487,17.904981],[-62.840355,17.90479],[-62.840251,17.904656],[-62.84006,17.904492],[-62.839855,17.904371],[-62.839586,17.904231],[-62.839003,17.903894],[-62.838591,17.903636],[-62.838122,17.903411],[-62.83748,17.903174],[-62.837059,17.90302],[-62.836744,17.902989],[-62.836558,17.903017],[-62.836417,17.903074],[-62.836307,17.903174],[-62.836334,17.903248],[-62.836317,17.903403],[-62.836194,17.903465],[-62.836064,17.903519],[-62.835941,17.903526],[-62.835843,17.903482],[-62.835705,17.903368],[-62.835632,17.903177],[-62.835826,17.903001],[-62.835737,17.902837],[-62.835607,17.902687],[-62.835415,17.902632],[-62.835194,17.90264],[-62.834965,17.902672],[-62.834634,17.902763],[-62.834298,17.902903],[-62.833966,17.903069],[-62.8337,17.903197],[-62.833427,17.90336],[-62.833203,17.903539],[-62.833033,17.903713],[-62.832825,17.903879],[-62.83272,17.90405],[-62.832693,17.904207],[-62.832822,17.904405],[-62.833153,17.904609],[-62.833359,17.904821],[-62.833536,17.904969],[-62.833662,17.90518],[-62.833778,17.905471],[-62.833761,17.905724],[-62.833687,17.90594],[-62.833442,17.906151],[-62.833152,17.9063],[-62.832893,17.906435],[-62.832604,17.906526],[-62.83231,17.906704],[-62.83199,17.906917],[-62.831775,17.907105],[-62.831658,17.907352],[-62.831495,17.907664],[-62.831418,17.907851],[-62.831264,17.908039],[-62.8311,17.908182],[-62.83087,17.908309],[-62.830795,17.908429],[-62.830616,17.908449],[-62.830355,17.908333],[-62.83031,17.908313],[-62.830169,17.908393],[-62.830164,17.908529],[-62.830081,17.908738],[-62.830041,17.908879],[-62.8299,17.908955],[-62.829721,17.909132],[-62.829471,17.909261],[-62.829132,17.909496],[-62.828936,17.909574],[-62.828659,17.909596],[-62.828496,17.909578],[-62.828386,17.909585],[-62.82823,17.909666],[-62.827993,17.90971],[-62.827699,17.909716],[-62.827414,17.909663],[-62.827179,17.909444],[-62.827074,17.909302],[-62.826992,17.909047],[-62.82724,17.90887],[-62.827337,17.90871],[-62.827387,17.90875],[-62.8275,17.908688],[-62.827634,17.908604],[-62.82767,17.90851],[-62.827814,17.908457],[-62.827835,17.908274],[-62.827799,17.90804],[-62.827665,17.907793],[-62.827386,17.907481],[-62.827053,17.907215],[-62.826806,17.907056],[-62.826618,17.906931],[-62.826329,17.906894],[-62.825986,17.906908],[-62.825636,17.906943],[-62.825335,17.906959],[-62.824981,17.906937],[-62.824582,17.90687],[-62.824221,17.906827],[-62.823928,17.906828],[-62.82364,17.90689],[-62.823389,17.907039],[-62.823273,17.907111],[-62.823143,17.907136],[-62.822869,17.907187],[-62.822559,17.907362],[-62.822342,17.907498],[-62.822084,17.907601],[-62.821578,17.907789],[-62.821183,17.908003],[-62.821018,17.908168],[-62.82078,17.908441],[-62.820643,17.908753],[-62.820612,17.909006],[-62.820501,17.909408],[-62.820454,17.909835],[-62.82033,17.910082],[-62.820149,17.910357],[-62.819905,17.910598],[-62.819672,17.910853],[-62.819319,17.911266],[-62.819064,17.911574],[-62.818855,17.911814],[-62.818655,17.912183],[-62.818405,17.912569],[-62.818255,17.912731],[-62.818038,17.912825],[-62.817966,17.912928],[-62.817823,17.913088],[-62.817598,17.913294],[-62.817396,17.913557],[-62.817266,17.913788],[-62.817222,17.914072],[-62.81721,17.914481],[-62.817239,17.914814],[-62.817282,17.915133],[-62.817338,17.915575],[-62.817433,17.916015],[-62.817544,17.91643],[-62.817575,17.916969],[-62.817383,17.917376],[-62.817189,17.917605],[-62.817042,17.917561],[-62.816957,17.917661],[-62.816853,17.917767],[-62.816663,17.917819],[-62.816442,17.917891],[-62.816219,17.91801],[-62.816096,17.917998],[-62.816009,17.918162],[-62.815859,17.918101],[-62.815874,17.918319],[-62.815855,17.918355],[-62.815772,17.918514],[-62.81552,17.918731],[-62.815383,17.918668],[-62.815432,17.918784],[-62.815369,17.918842],[-62.815266,17.918868],[-62.815212,17.919043],[-62.815024,17.919284],[-62.814854,17.919375],[-62.814705,17.919554],[-62.814558,17.919575],[-62.814485,17.919489],[-62.814522,17.919134],[-62.814321,17.919198],[-62.814348,17.918961],[-62.814226,17.919096],[-62.814131,17.919055],[-62.814103,17.918943],[-62.814136,17.918781],[-62.814041,17.918835],[-62.813953,17.918787],[-62.814041,17.91861],[-62.813928,17.918638],[-62.813945,17.918471],[-62.81405,17.918273],[-62.814036,17.918052],[-62.813991,17.917741],[-62.814082,17.917486],[-62.814027,17.917369],[-62.814106,17.917225],[-62.814075,17.916973],[-62.814012,17.916737],[-62.813848,17.916566],[-62.813644,17.916427],[-62.813395,17.916337],[-62.813217,17.916454],[-62.813077,17.916394],[-62.812966,17.916345],[-62.812837,17.916206],[-62.81276,17.9161],[-62.812736,17.915989],[-62.812795,17.915849],[-62.812864,17.915713],[-62.812863,17.915551],[-62.812749,17.915436],[-62.812607,17.915385],[-62.812433,17.915437],[-62.812256,17.915493],[-62.812039,17.915537],[-62.811794,17.915465],[-62.811673,17.915392],[-62.811557,17.915308],[-62.811415,17.915287],[-62.811205,17.915334],[-62.811065,17.915411],[-62.810946,17.915546],[-62.810836,17.915738],[-62.810609,17.916028],[-62.810331,17.916306],[-62.810027,17.916439],[-62.809796,17.916464],[-62.80961,17.91641],[-62.80945,17.91639],[-62.809298,17.916401],[-62.809095,17.916402],[-62.808941,17.916332],[-62.808823,17.916235],[-62.80889,17.916423],[-62.808798,17.916522],[-62.808685,17.916666],[-62.808628,17.916846],[-62.808752,17.916998],[-62.808852,17.917255],[-62.808797,17.917485],[-62.808681,17.917747],[-62.808498,17.917866],[-62.808387,17.917815],[-62.808279,17.917733],[-62.808125,17.9176],[-62.808025,17.917551],[-62.808283,17.917456],[-62.808335,17.917348],[-62.808298,17.91716],[-62.808218,17.916998],[-62.808214,17.91679],[-62.808263,17.916616],[-62.808343,17.916405],[-62.808303,17.916204],[-62.808325,17.91603],[-62.808324,17.915823],[-62.808162,17.915695],[-62.80799,17.915571],[-62.807949,17.915406],[-62.807833,17.915381],[-62.807696,17.915226],[-62.80744,17.915166],[-62.807182,17.915029],[-62.807078,17.914908],[-62.807002,17.914771],[-62.807091,17.91466],[-62.807208,17.914528],[-62.807384,17.914428],[-62.807565,17.914374],[-62.807651,17.914149],[-62.807709,17.913916],[-62.807866,17.913762],[-62.808101,17.913581],[-62.808341,17.913437],[-62.80851,17.913317],[-62.808671,17.913054],[-62.808782,17.912826],[-62.808808,17.912599],[-62.808815,17.912384],[-62.809041,17.912273],[-62.809126,17.912152],[-62.809345,17.912052],[-62.809557,17.911966],[-62.809652,17.911842],[-62.809829,17.911688],[-62.809799,17.911501],[-62.809688,17.911172],[-62.809523,17.910923],[-62.809295,17.910661],[-62.809018,17.910465],[-62.808777,17.91031],[-62.808614,17.910277],[-62.808288,17.910277],[-62.808013,17.910203],[-62.807694,17.910167],[-62.807401,17.910141],[-62.807194,17.910162],[-62.806989,17.910263],[-62.806934,17.910369],[-62.806914,17.910609],[-62.806886,17.910946],[-62.80675,17.911233],[-62.806635,17.911478],[-62.806622,17.911727],[-62.806532,17.911912],[-62.806362,17.912155],[-62.806201,17.912349],[-62.805942,17.912476],[-62.805761,17.91254],[-62.805637,17.912612],[-62.805548,17.91278],[-62.805427,17.912942],[-62.805188,17.912982],[-62.805009,17.912972],[-62.804898,17.912882],[-62.804813,17.912826],[-62.804788,17.912774],[-62.804547,17.912725],[-62.804201,17.912838],[-62.803849,17.912961],[-62.803615,17.913082],[-62.803432,17.913211],[-62.80331,17.913346],[-62.803347,17.913514],[-62.803421,17.91382],[-62.803141,17.913879],[-62.802916,17.913927],[-62.802691,17.913918],[-62.802445,17.91386],[-62.802242,17.913769],[-62.802082,17.913585],[-62.802067,17.913564],[-62.801945,17.913397],[-62.801911,17.913217],[-62.80197,17.913027],[-62.802031,17.912984],[-62.802125,17.91297],[-62.802216,17.913005],[-62.802336,17.912989],[-62.802533,17.912923],[-62.80274,17.912935],[-62.803066,17.913072],[-62.803139,17.912978],[-62.80318,17.912856],[-62.803265,17.912603],[-62.803281,17.912348],[-62.803266,17.912095],[-62.803155,17.911822],[-62.803046,17.911509],[-62.803179,17.911366],[-62.803408,17.911169],[-62.803412,17.911042],[-62.803527,17.910882],[-62.803699,17.910635],[-62.803681,17.910481],[-62.803574,17.910267],[-62.803456,17.910114],[-62.803267,17.909803],[-62.803052,17.909566],[-62.802829,17.909305],[-62.80258,17.909052],[-62.802366,17.908848],[-62.802125,17.908695],[-62.801859,17.908543],[-62.801556,17.908431],[-62.801287,17.908365],[-62.801132,17.908346],[-62.800965,17.908353],[-62.800829,17.908399],[-62.800744,17.908456],[-62.800626,17.908506],[-62.800532,17.908563],[-62.800365,17.908688],[-62.800157,17.908799],[-62.799986,17.908889],[-62.799842,17.909035],[-62.799699,17.909232],[-62.799625,17.90931],[-62.799602,17.909497],[-62.799416,17.909622],[-62.799321,17.90967],[-62.799181,17.910036],[-62.799139,17.910163],[-62.799104,17.910373],[-62.799207,17.910849],[-62.799326,17.911189],[-62.799397,17.911458],[-62.799316,17.911598],[-62.799176,17.911706],[-62.798934,17.911827],[-62.798735,17.911907],[-62.798505,17.91197],[-62.798277,17.912035],[-62.798028,17.912147],[-62.797905,17.912196],[-62.797844,17.912376],[-62.797763,17.912476],[-62.797576,17.912409],[-62.797469,17.912336],[-62.797379,17.912239],[-62.797293,17.912115],[-62.797104,17.911968],[-62.796962,17.911883],[-62.796864,17.91177],[-62.796807,17.911622],[-62.796756,17.911343],[-62.796618,17.911024],[-62.796479,17.910686],[-62.796359,17.910355],[-62.796254,17.91012],[-62.796216,17.909893],[-62.796242,17.909664],[-62.796156,17.909432],[-62.796167,17.909123],[-62.796258,17.908783],[-62.796298,17.908534],[-62.796359,17.90833],[-62.796574,17.90809],[-62.79669,17.907879],[-62.796837,17.907561],[-62.79707,17.907084],[-62.797195,17.906634],[-62.797087,17.906445],[-62.796893,17.90619],[-62.796637,17.90592],[-62.796435,17.905728],[-62.79616,17.905576],[-62.795918,17.905467],[-62.79568,17.905404],[-62.79539,17.905396],[-62.795024,17.9054],[-62.79468,17.905447],[-62.794418,17.905538],[-62.794256,17.905618],[-62.794168,17.905712],[-62.794141,17.905854],[-62.794085,17.905983],[-62.794039,17.906156],[-62.794072,17.906281],[-62.794113,17.906414],[-62.794126,17.906455],[-62.794154,17.906621],[-62.79422,17.906764],[-62.794203,17.906879],[-62.794238,17.906986],[-62.794336,17.907185],[-62.794227,17.907356],[-62.794042,17.907446],[-62.793913,17.907356],[-62.793809,17.907335],[-62.793545,17.907409],[-62.793387,17.907486],[-62.793219,17.90764],[-62.79279,17.907736],[-62.79242,17.90782],[-62.792222,17.908012],[-62.79192,17.908219],[-62.791687,17.908441],[-62.791607,17.908518],[-62.791268,17.908849],[-62.791066,17.90914],[-62.790846,17.90932],[-62.790666,17.909475],[-62.790544,17.909647],[-62.790505,17.909854],[-62.790362,17.909964],[-62.790275,17.91016],[-62.790255,17.9104],[-62.790168,17.910527],[-62.79004,17.910571],[-62.790094,17.910771],[-62.789989,17.910889],[-62.789682,17.910772],[-62.789542,17.910691],[-62.789448,17.910604],[-62.789477,17.910438],[-62.789327,17.910335],[-62.789365,17.910203],[-62.789474,17.90995],[-62.789325,17.909857],[-62.78925,17.90972],[-62.789122,17.909607],[-62.789093,17.909537],[-62.78908,17.909305],[-62.789079,17.908969],[-62.789048,17.908557],[-62.789164,17.908401],[-62.789027,17.908373],[-62.789031,17.908239],[-62.789181,17.908124],[-62.789344,17.907966],[-62.789273,17.907871],[-62.789461,17.907735],[-62.789523,17.907554],[-62.78962,17.907575],[-62.789766,17.907471],[-62.78982,17.9072],[-62.789951,17.907056],[-62.789889,17.906724],[-62.789931,17.906583],[-62.789976,17.906683],[-62.790068,17.906504],[-62.790034,17.906354],[-62.789998,17.906115],[-62.790006,17.905917],[-62.789843,17.905826],[-62.789705,17.905712],[-62.789736,17.905599],[-62.789594,17.905622],[-62.789594,17.905507],[-62.789507,17.905481],[-62.789362,17.905261],[-62.789306,17.905097],[-62.789353,17.904883],[-62.789436,17.904618],[-62.789464,17.904419],[-62.789613,17.904295],[-62.789774,17.90409],[-62.78988,17.903875],[-62.790027,17.903621],[-62.790026,17.903421],[-62.790125,17.903298],[-62.790108,17.903102],[-62.790201,17.90292],[-62.790397,17.902536],[-62.790533,17.902311],[-62.790704,17.902268],[-62.790784,17.902382],[-62.790903,17.902282],[-62.791215,17.902097],[-62.79135,17.901914],[-62.791509,17.90174],[-62.791492,17.901587],[-62.791685,17.901631],[-62.791716,17.90153],[-62.79194,17.901479],[-62.792171,17.901374],[-62.792274,17.901195],[-62.792297,17.901003],[-62.792223,17.900754],[-62.792069,17.900525],[-62.792034,17.900338],[-62.79205,17.900037],[-62.792039,17.899645],[-62.792078,17.899408],[-62.792063,17.899233],[-62.792047,17.898968],[-62.792014,17.898708],[-62.791968,17.898497],[-62.791936,17.898258],[-62.791902,17.897825],[-62.791893,17.897459],[-62.791839,17.897114],[-62.791749,17.896782],[-62.791717,17.896476],[-62.79169,17.896089],[-62.79154,17.895859],[-62.791495,17.895669],[-62.791536,17.895631],[-62.791563,17.895477],[-62.791647,17.895305],[-62.791806,17.895171],[-62.791903,17.895049],[-62.792044,17.894899],[-62.79219,17.894768],[-62.79225,17.894602],[-62.79235,17.89441],[-62.792473,17.894205],[-62.792519,17.894134],[-62.792593,17.894091],[-62.792727,17.894157],[-62.792924,17.894187],[-62.792984,17.894293],[-62.793044,17.894383],[-62.793084,17.89451],[-62.793216,17.894569],[-62.793311,17.894386],[-62.793414,17.894446],[-62.793568,17.894448],[-62.793644,17.894526],[-62.793784,17.894666],[-62.793963,17.894702],[-62.793982,17.894867],[-62.794038,17.895051],[-62.793977,17.89516],[-62.79392,17.895226],[-62.794031,17.895329],[-62.794075,17.895414],[-62.794106,17.895473],[-62.794004,17.895657],[-62.793989,17.895845],[-62.794126,17.896106],[-62.79432,17.896365],[-62.794446,17.896428],[-62.794564,17.896474],[-62.79471,17.896654],[-62.794857,17.896858],[-62.795093,17.897163],[-62.79541,17.897378],[-62.795568,17.897444],[-62.795819,17.89746],[-62.796051,17.897441],[-62.796318,17.8974],[-62.796701,17.897262],[-62.796957,17.897179],[-62.797378,17.897056],[-62.797671,17.896997],[-62.797997,17.89698],[-62.798246,17.896923],[-62.798495,17.896833],[-62.799044,17.896515],[-62.799096,17.896417],[-62.799267,17.896278],[-62.799439,17.896311],[-62.799516,17.896033],[-62.799696,17.895927],[-62.799851,17.89587],[-62.799954,17.895943],[-62.800194,17.895755],[-62.800589,17.8952],[-62.800744,17.89502],[-62.800709,17.894938],[-62.800744,17.894832],[-62.800761,17.894718],[-62.801018,17.894497],[-62.801155,17.894473],[-62.801181,17.894595],[-62.801293,17.894579],[-62.801507,17.894506],[-62.802022,17.894236],[-62.802563,17.893893],[-62.802752,17.893738],[-62.80325,17.893648],[-62.8044,17.893338],[-62.80476,17.893305],[-62.805104,17.893223],[-62.805567,17.893052],[-62.805928,17.893011],[-62.806151,17.892913],[-62.806365,17.892717],[-62.807086,17.892284],[-62.807936,17.891867],[-62.808279,17.891671],[-62.808623,17.891377],[-62.808829,17.89123],[-62.809112,17.891091],[-62.809249,17.890953],[-62.809378,17.890756],[-62.80955,17.890381],[-62.80955,17.890201],[-62.809515,17.890062],[-62.80943,17.889874],[-62.809387,17.889686],[-62.809412,17.889499],[-62.809507,17.889335],[-62.809696,17.889221],[-62.809618,17.889066],[-62.809412,17.888976],[-62.809412,17.888902],[-62.809292,17.888812],[-62.809387,17.888576],[-62.809524,17.888559],[-62.809687,17.888429],[-62.810013,17.888478],[-62.810082,17.888265],[-62.810108,17.887988],[-62.810099,17.887571],[-62.810082,17.887269],[-62.810168,17.886999],[-62.810048,17.886762],[-62.810013,17.88655],[-62.810065,17.886427],[-62.810048,17.886125],[-62.810168,17.886141],[-62.810168,17.885831],[-62.810056,17.885749],[-62.809945,17.885251],[-62.81003,17.885104],[-62.81003,17.884957],[-62.809936,17.8849],[-62.809824,17.884924],[-62.80979,17.884622],[-62.809593,17.884516],[-62.809799,17.884279],[-62.809884,17.884206],[-62.80985,17.88405],[-62.80997,17.884026],[-62.81003,17.88414],[-62.810322,17.884075],[-62.810408,17.883944],[-62.810399,17.883748],[-62.810528,17.883707],[-62.810631,17.883626],[-62.810571,17.883519],[-62.810434,17.883536],[-62.810202,17.883307],[-62.810202,17.883111],[-62.810434,17.883046],[-62.810451,17.883127],[-62.810597,17.883152],[-62.810743,17.883078],[-62.810751,17.882866],[-62.811,17.882866],[-62.811352,17.882613],[-62.811644,17.882645],[-62.811644,17.882417],[-62.812039,17.882425],[-62.812159,17.882343],[-62.812245,17.882245],[-62.812519,17.882155],[-62.812622,17.882016],[-62.812777,17.881967],[-62.812777,17.882082],[-62.812914,17.882082],[-62.81306,17.881845],[-62.813318,17.881665],[-62.813352,17.88182],[-62.813455,17.881902],[-62.813532,17.882033],[-62.813498,17.882392],[-62.81361,17.882498],[-62.81379,17.88258],[-62.813979,17.882703],[-62.814167,17.882727],[-62.814348,17.883029],[-62.814511,17.883315],[-62.814622,17.883315],[-62.814742,17.883405],[-62.814768,17.88356],[-62.814863,17.883699],[-62.815,17.883699],[-62.815077,17.883617],[-62.815206,17.883626],[-62.815309,17.883789],[-62.815326,17.883969],[-62.815463,17.884189],[-62.815541,17.884377],[-62.815481,17.884483],[-62.815532,17.884622],[-62.815541,17.885022],[-62.815439,17.885276],[-62.815586,17.885489],[-62.815572,17.885703],[-62.815467,17.885885],[-62.815498,17.886076],[-62.81579,17.886329],[-62.816103,17.886289],[-62.816278,17.886173],[-62.816512,17.886086],[-62.816604,17.886025],[-62.816687,17.885971],[-62.816825,17.885806],[-62.816877,17.885877],[-62.816948,17.885974],[-62.817072,17.885787],[-62.817084,17.885627],[-62.817277,17.885617],[-62.817571,17.885752],[-62.817761,17.885934],[-62.817751,17.88623],[-62.817613,17.886356],[-62.817602,17.886556],[-62.81781,17.886743],[-62.817781,17.887048],[-62.817884,17.887326],[-62.818021,17.887571],[-62.818271,17.88776],[-62.81856,17.887878],[-62.818816,17.887901],[-62.819213,17.887999],[-62.819638,17.887961],[-62.820399,17.887806],[-62.821342,17.887457],[-62.821688,17.887347],[-62.822376,17.887062],[-62.823422,17.886555],[-62.823801,17.886132],[-62.823665,17.885991],[-62.823793,17.885849],[-62.82375,17.885598],[-62.823968,17.885494],[-62.823945,17.885274],[-62.824198,17.885047],[-62.82427,17.884745],[-62.824258,17.884493],[-62.824224,17.884107],[-62.824181,17.883617],[-62.824294,17.882865],[-62.824194,17.882622],[-62.824136,17.882497],[-62.824375,17.882546],[-62.824804,17.882645],[-62.825033,17.882642],[-62.825205,17.882572],[-62.825386,17.882662],[-62.825583,17.882951],[-62.825461,17.882999],[-62.825514,17.883144],[-62.825789,17.883548],[-62.825973,17.883713],[-62.826386,17.883721],[-62.826695,17.883555],[-62.826693,17.88341],[-62.826788,17.883259],[-62.826864,17.882886],[-62.826913,17.882446],[-62.826974,17.881779],[-62.826854,17.881559],[-62.82699,17.881353],[-62.827035,17.881125],[-62.827085,17.880986],[-62.827188,17.880877],[-62.827391,17.88094],[-62.827373,17.88062],[-62.827474,17.880311],[-62.827566,17.880193],[-62.827755,17.880082],[-62.82793,17.880041],[-62.82812,17.880267],[-62.828462,17.880581],[-62.82851,17.881005],[-62.828417,17.881074],[-62.82841,17.881159],[-62.828484,17.881298],[-62.82857,17.881404],[-62.828604,17.881592],[-62.828871,17.882024],[-62.829176,17.881959],[-62.829497,17.882155],[-62.82961,17.882444],[-62.829803,17.883011],[-62.829761,17.88319],[-62.829822,17.883338],[-62.829972,17.883411],[-62.830054,17.883575],[-62.83013,17.883843],[-62.829833,17.883939],[-62.830406,17.883982],[-62.830606,17.883987],[-62.830873,17.884158],[-62.830901,17.884303],[-62.830817,17.884376],[-62.831036,17.884388],[-62.831254,17.884746],[-62.831307,17.884953],[-62.831327,17.885073],[-62.83148,17.885103],[-62.831995,17.884962],[-62.832538,17.884782],[-62.83307,17.884609],[-62.833545,17.884429],[-62.833956,17.884199],[-62.834064,17.884106],[-62.834078,17.883879],[-62.834134,17.883708],[-62.834132,17.883503],[-62.834079,17.883404],[-62.834104,17.883312],[-62.834063,17.883275],[-62.834069,17.88316],[-62.834135,17.88313],[-62.834132,17.883001],[-62.834206,17.882966],[-62.834271,17.883043],[-62.834389,17.883209],[-62.834484,17.883225],[-62.834495,17.883287],[-62.83455,17.883337],[-62.834588,17.883328],[-62.834661,17.883311],[-62.834714,17.883243],[-62.834702,17.883136],[-62.834644,17.883066],[-62.834648,17.882975],[-62.834839,17.88261],[-62.835004,17.8824],[-62.835049,17.8821],[-62.835174,17.881913],[-62.835091,17.881804],[-62.835091,17.881618],[-62.835191,17.881392],[-62.835194,17.881176],[-62.835157,17.880982],[-62.835185,17.880788],[-62.835326,17.880746],[-62.835466,17.880886],[-62.83576,17.880609],[-62.835684,17.88045],[-62.835769,17.880341],[-62.835946,17.880269],[-62.836127,17.880122],[-62.83612,17.879646],[-62.836081,17.879548],[-62.836163,17.879211],[-62.836273,17.879051],[-62.836237,17.878666],[-62.83629,17.878528],[-62.836409,17.878471],[-62.836478,17.878513],[-62.836578,17.878419],[-62.836465,17.878283],[-62.836616,17.878251],[-62.836699,17.878295],[-62.836785,17.878238],[-62.836895,17.878233],[-62.837068,17.878366],[-62.837258,17.878324],[-62.837399,17.878435],[-62.837487,17.878411],[-62.83759,17.878474],[-62.837701,17.878426],[-62.837737,17.878497],[-62.83794,17.878405],[-62.838054,17.878463],[-62.838066,17.878496],[-62.838141,17.878529],[-62.837996,17.8787],[-62.838172,17.87878],[-62.838337,17.878725],[-62.838346,17.878831],[-62.83852,17.878867],[-62.838706,17.878814],[-62.8389,17.878815],[-62.839054,17.878874],[-62.839192,17.878913],[-62.839,17.879173],[-62.839053,17.879405],[-62.839147,17.879472],[-62.839342,17.879403],[-62.839342,17.879482],[-62.839386,17.879537],[-62.839426,17.8797],[-62.839551,17.8797],[-62.839633,17.879591],[-62.839703,17.879614],[-62.839701,17.879751],[-62.839844,17.87978],[-62.839864,17.879885],[-62.840013,17.879866],[-62.840099,17.879855],[-62.840265,17.880048],[-62.840218,17.880208],[-62.840086,17.880244],[-62.84004,17.880344],[-62.84009,17.880424],[-62.840176,17.880613],[-62.840001,17.880908],[-62.839674,17.881324],[-62.839837,17.881456],[-62.839851,17.881673],[-62.839944,17.88195],[-62.840194,17.882035],[-62.840389,17.882172],[-62.840406,17.882302],[-62.840826,17.882662],[-62.841097,17.882822],[-62.841186,17.8828],[-62.841225,17.882819],[-62.841285,17.882848],[-62.841296,17.883008],[-62.841388,17.883108],[-62.841498,17.882913],[-62.841611,17.882826],[-62.841693,17.882836],[-62.841652,17.882995],[-62.841575,17.883173],[-62.841711,17.883282],[-62.841961,17.883241],[-62.841944,17.883367],[-62.841867,17.883453],[-62.841933,17.883487],[-62.842024,17.883475],[-62.842004,17.883596],[-62.842047,17.883788],[-62.842056,17.88396],[-62.842157,17.884059],[-62.842272,17.884161],[-62.842114,17.884345],[-62.842158,17.884409],[-62.842268,17.88432],[-62.842417,17.884389],[-62.842582,17.8844],[-62.842772,17.884477],[-62.842655,17.884561],[-62.842416,17.884692],[-62.842501,17.884794],[-62.842576,17.884839],[-62.842691,17.884913],[-62.84291,17.884918],[-62.843077,17.885015],[-62.842922,17.88521],[-62.84286,17.885326],[-62.842972,17.885741],[-62.84317,17.88593],[-62.843367,17.885905],[-62.843498,17.886101],[-62.843835,17.88598],[-62.843983,17.886023],[-62.844082,17.886144],[-62.844173,17.886173],[-62.844263,17.886272],[-62.84424,17.886334],[-62.844411,17.886475],[-62.844493,17.886446],[-62.844544,17.886504],[-62.844524,17.886589],[-62.844386,17.886647],[-62.844531,17.886689],[-62.844654,17.886836],[-62.844783,17.88686],[-62.844998,17.887015],[-62.84547,17.887195],[-62.845771,17.887609],[-62.845829,17.887811],[-62.845834,17.888003],[-62.845924,17.888218],[-62.846168,17.888619],[-62.846314,17.888695],[-62.846492,17.888628],[-62.846605,17.888701],[-62.84669,17.888669],[-62.846788,17.888717],[-62.846706,17.888894],[-62.846835,17.888984],[-62.84698,17.889099],[-62.847059,17.889291],[-62.847016,17.889432],[-62.847101,17.889553],[-62.847171,17.889675],[-62.847256,17.889693],[-62.847392,17.88968],[-62.84742,17.889764],[-62.847472,17.889766],[-62.847557,17.889743],[-62.847596,17.889782],[-62.847596,17.889924],[-62.847505,17.889971],[-62.847343,17.88998],[-62.847384,17.890039],[-62.847492,17.890042],[-62.847624,17.890155],[-62.847646,17.890181],[-62.847702,17.890248],[-62.847673,17.890328],[-62.847785,17.890453],[-62.847883,17.890619],[-62.847869,17.890756],[-62.847902,17.890761],[-62.847888,17.890866],[-62.847941,17.890869],[-62.847936,17.890959],[-62.847832,17.891014],[-62.847779,17.891077],[-62.847758,17.891137],[-62.847806,17.891192],[-62.847696,17.891274],[-62.847459,17.891533],[-62.847431,17.891833],[-62.847498,17.892018],[-62.84767,17.892208],[-62.848105,17.892408],[-62.848466,17.892667],[-62.84914,17.892881],[-62.849236,17.892843],[-62.84931,17.892813],[-62.849323,17.892697],[-62.849402,17.892608],[-62.849505,17.892535],[-62.849626,17.892622],[-62.849781,17.892734],[-62.849881,17.892646],[-62.850064,17.892715],[-62.85028,17.892626],[-62.850392,17.892792],[-62.85048,17.892942],[-62.850591,17.893091],[-62.850603,17.893315],[-62.851153,17.89379],[-62.851422,17.893943],[-62.851425,17.894056],[-62.851537,17.894168],[-62.851709,17.894188],[-62.851888,17.894183],[-62.85213,17.894448],[-62.852328,17.894612],[-62.852613,17.894817],[-62.852882,17.895069],[-62.853143,17.895262],[-62.853307,17.895537],[-62.853393,17.895909],[-62.853686,17.896348],[-62.854021,17.897103],[-62.854161,17.897239],[-62.854214,17.897395],[-62.854121,17.897465],[-62.854163,17.897716],[-62.854059,17.897799],[-62.854105,17.897935],[-62.853777,17.89832],[-62.853512,17.898474],[-62.853442,17.898652],[-62.853003,17.89873],[-62.852454,17.898648],[-62.851758,17.898366],[-62.851768,17.898323],[-62.85159,17.898249],[-62.851362,17.898098],[-62.851275,17.897973],[-62.850971,17.89754],[-62.85109,17.897411],[-62.851406,17.89707],[-62.851094,17.89668],[-62.850811,17.896379],[-62.850693,17.896463],[-62.850536,17.896277],[-62.85068,17.896177],[-62.850588,17.896083],[-62.850338,17.895791],[-62.850016,17.895312],[-62.850101,17.895269],[-62.849987,17.895094],[-62.850105,17.895016],[-62.850088,17.894975],[-62.849911,17.895077],[-62.849758,17.895057],[-62.849294,17.895405],[-62.84925,17.895356],[-62.848652,17.895812],[-62.848774,17.895976],[-62.848637,17.896072],[-62.849589,17.897331],[-62.849762,17.897285],[-62.850129,17.897873],[-62.849998,17.89795],[-62.850341,17.898512],[-62.850854,17.899301]]]]}}]}